observation_date,usd2won,
1999-01-04,1417.44,
1999-01-05,1411.2,
1999-01-06,1396.32,
1999-01-07,1400.64,
1999-01-08,1386.48,
1999-01-11,1384.08,
1999-01-12,1385.76,
1999-01-13,1403.76,
1999-01-14,1402.68,
1999-01-15,1390.92,
1999-01-18,0,
1999-01-19,1393.2,
1999-01-20,1389,
1999-01-21,1389.24,
1999-01-22,1389.84,
1999-01-25,1387.92,
1999-01-26,1389.24,
1999-01-27,1377.72,
1999-01-28,1367.4,
1999-01-29,1364.52,
1999-02-01,1356.36,
1999-02-02,1359.36,
1999-02-03,1360.68,
1999-02-04,1356.72,
1999-02-05,1353.96,
1999-02-08,1355.52,
1999-02-09,1356,
1999-02-10,1359.72,
1999-02-11,1356.36,
1999-02-12,1353.84,
1999-02-15,0,
1999-02-16,1342.68,
1999-02-17,1347.6,
1999-02-18,1346.76,
1999-02-19,1329,
1999-02-22,1324.44,
1999-02-23,1319.16,
1999-02-24,1316.64,
1999-02-25,1328.16,
1999-02-26,1319.4,
1999-03-01,1306.92,
1999-03-02,1311.72,
1999-03-03,1306.56,
1999-03-04,1298.88,
1999-03-05,1301.16,
1999-03-08,1307.88,
1999-03-09,1304.76,
1999-03-10,1315.32,
1999-03-11,1311.84,
1999-03-12,1312.32,
1999-03-15,1311.6,
1999-03-16,1309.8,
1999-03-17,1321.8,
1999-03-18,1318.8,
1999-03-19,1310.76,
1999-03-22,1309.8,
1999-03-23,1310.16,
1999-03-24,1310.52,
1999-03-25,1304.52,
1999-03-26,1289.16,
1999-03-29,1285.92,
1999-03-30,1287.84,
1999-03-31,1296.96,
1999-04-01,1293.84,
1999-04-02,1293.84,
1999-04-05,1284.72,
1999-04-06,1300.56,
1999-04-07,1294.08,
1999-04-08,1300.2,
1999-04-09,1294.32,
1999-04-12,1301.04,
1999-04-13,1293.6,
1999-04-14,1293.48,
1999-04-15,1286.04,
1999-04-16,1282.56,
1999-04-19,1272.96,
1999-04-20,1275.6,
1999-04-21,1273.44,
1999-04-22,1271.76,
1999-04-23,1276.08,
1999-04-26,1270.8,
1999-04-27,1277.88,
1999-04-28,1273.92,
1999-04-29,1270.92,
1999-04-30,1267.68,
1999-05-03,1268.52,
1999-05-04,1271.16,
1999-05-05,1286.88,
1999-05-06,1293.48,
1999-05-07,1293.72,
1999-05-10,1294.44,
1999-05-11,1286.4,
1999-05-12,1279.92,
1999-05-13,1275.12,
1999-05-14,1278,
1999-05-17,1280.64,
1999-05-18,1280.64,
1999-05-19,1276.92,
1999-05-20,1275.6,
1999-05-21,1269.24,
1999-05-24,1271.16,
1999-05-25,1270.44,
1999-05-26,1256.52,
1999-05-27,1252.68,
1999-05-28,1250.64,
1999-05-31,0,
1999-06-01,1253.88,
1999-06-02,1242.84,
1999-06-03,1242.6,
1999-06-04,1239.24,
1999-06-07,1235.52,
1999-06-08,1252.56,
1999-06-09,1254,
1999-06-10,1257.24,
1999-06-11,1261.92,
1999-06-14,1249.92,
1999-06-15,1250.4,
1999-06-16,1235.76,
1999-06-17,1239.48,
1999-06-18,1244.16,
1999-06-21,1238.76,
1999-06-22,1238.76,
1999-06-23,1237.92,
1999-06-24,1244.64,
1999-06-25,1253.76,
1999-06-28,1244.76,
1999-06-29,1240.44,
1999-06-30,1237.2,
1999-07-01,1228.32,
1999-07-02,1229.28,
1999-07-05,0,
1999-07-06,1229.88,
1999-07-07,1226.88,
1999-07-08,1223.76,
1999-07-09,1222.32,
1999-07-12,1216.68,
1999-07-13,1221.12,
1999-07-14,1225.8,
1999-07-15,1226.4,
1999-07-16,1224.36,
1999-07-19,1224.36,
1999-07-20,1250.4,
1999-07-21,1263.12,
1999-07-22,1261.08,
1999-07-23,1259.64,
1999-07-26,1278.12,
1999-07-27,1275.24,
1999-07-28,1277.28,
1999-07-29,1286.28,
1999-07-30,1283.28,
1999-08-02,1279.32,
1999-08-03,1281.6,
1999-08-04,1291.92,
1999-08-05,1295.16,
1999-08-06,1292.4,
1999-08-09,1283.28,
1999-08-10,1290.24,
1999-08-11,1279.2,
1999-08-12,1276.32,
1999-08-13,1268.16,
1999-08-16,1266.84,
1999-08-17,1263,
1999-08-18,1260.6,
1999-08-19,1277.16,
1999-08-20,1278.48,
1999-08-23,1266.36,
1999-08-24,1260.72,
1999-08-25,1255.32,
1999-08-26,1252.92,
1999-08-27,1255.2,
1999-08-30,1253.4,
1999-08-31,1269.72,
1999-09-01,1269.84,
1999-09-02,1282.68,
1999-09-03,1272.6,
1999-09-06,0,
1999-09-07,1269.72,
1999-09-08,1270.8,
1999-09-09,1265.16,
1999-09-10,1248.24,
1999-09-13,1248,
1999-09-14,1248.96,
1999-09-15,1246.2,
1999-09-16,1250.16,
1999-09-17,1247.88,
1999-09-20,1248.96,
1999-09-21,1255.2,
1999-09-22,1260,
1999-09-23,1249.8,
1999-09-24,1255.92,
1999-09-27,1251.72,
1999-09-28,1261.08,
1999-09-29,1273.56,
1999-09-30,1277.16,
1999-10-01,1286.16,
1999-10-04,1284.36,
1999-10-05,1283.16,
1999-10-06,1284.48,
1999-10-07,1286.52,
1999-10-08,1275.6,
1999-10-11,0,
1999-10-12,1288.44,
1999-10-13,1290.96,
1999-10-14,1295.88,
1999-10-15,1306.44,
1999-10-18,1303.56,
1999-10-19,1299.96,
1999-10-20,1291.8,
1999-10-21,1296.96,
1999-10-22,1281.36,
1999-10-25,1279.92,
1999-10-26,1269.36,
1999-10-27,1263.84,
1999-10-28,1262.28,
1999-10-29,1262.16,
1999-11-01,1259.28,
1999-11-02,1260.72,
1999-11-03,1258.2,
1999-11-04,1252.8,
1999-11-05,1248,
1999-11-08,1243.56,
1999-11-09,1248.12,
1999-11-10,1252.32,
1999-11-11,0,
1999-11-12,1237.8,
1999-11-15,1237.8,
1999-11-16,1237.44,
1999-11-17,1248.36,
1999-11-18,1235.64,
1999-11-19,1237.56,
1999-11-22,1239.24,
1999-11-23,1231.32,
1999-11-24,1221.12,
1999-11-25,0,
1999-11-26,1216.44,
1999-11-29,1212,
1999-11-30,1209.24,
1999-12-01,1207.08,
1999-12-02,1202.76,
1999-12-03,1201.92,
1999-12-06,1230.24,
1999-12-07,1226.64,
1999-12-08,1231.56,
1999-12-09,1219.32,
1999-12-10,1218.96,
1999-12-13,1214.4,
1999-12-14,1208.04,
1999-12-15,1207.92,
1999-12-16,1220.28,
1999-12-17,1210.56,
1999-12-20,1207.92,
1999-12-21,1211.16,
1999-12-22,1209.6,
1999-12-23,1219.44,
1999-12-24,1215.36,
1999-12-27,1216.32,
1999-12-28,1208.16,
1999-12-29,1205.4,
1999-12-30,1202.88,
1999-12-31,1208.4,
2000-01-03,1218.6,
2000-01-04,1237.08,
2000-01-05,1240.2,
2000-01-06,1238.88,
2000-01-07,1235.28,
2000-01-10,1230.24,
2000-01-11,1238.64,
2000-01-12,1233.72,
2000-01-13,1232.4,
2000-01-14,1215.36,
2000-01-17,0,
2000-01-18,1214.52,
2000-01-19,1213.8,
2000-01-20,1215.96,
2000-01-21,1212,
2000-01-24,1202.28,
2000-01-25,1204.92,
2000-01-26,1201.32,
2000-01-27,1186.8,
2000-01-28,1171.8,
2000-01-31,1170.84,
2000-02-01,1167.72,
2000-02-02,1172.16,
2000-02-03,1186.44,
2000-02-04,1171.2,
2000-02-07,1173.96,
2000-02-08,1183.44,
2000-02-09,1189.68,
2000-02-10,1183.8,
2000-02-11,1181.64,
2000-02-14,1173.96,
2000-02-15,1180.08,
2000-02-16,1181.04,
2000-02-17,1183.56,
2000-02-18,1182,
2000-02-21,0,
2000-02-22,1207.2,
2000-02-23,1202.04,
2000-02-24,1191.72,
2000-02-25,1171.56,
2000-02-28,1160.28,
2000-02-29,1157.16,
2000-03-01,1164,
2000-03-02,1154.28,
2000-03-03,1154.16,
2000-03-06,1152.36,
2000-03-07,1147.2,
2000-03-08,1149.12,
2000-03-09,1162.08,
2000-03-10,1159.08,
2000-03-13,1157.76,
2000-03-14,1157.28,
2000-03-15,1163.52,
2000-03-16,1165.2,
2000-03-17,1163.28,
2000-03-20,1165.2,
2000-03-21,1164.36,
2000-03-22,1152.96,
2000-03-23,1162.92,
2000-03-24,1166.88,
2000-03-27,1157.4,
2000-03-28,1153.68,
2000-03-29,1142.88,
2000-03-30,1151.28,
2000-03-31,1148.88,
2000-04-03,1147.2,
2000-04-04,1150.56,
2000-04-05,1157.64,
2000-04-06,1149.6,
2000-04-07,1150.8,
2000-04-10,1150.56,
2000-04-11,1150.92,
2000-04-12,1146.12,
2000-04-13,1142.88,
2000-04-14,1147.68,
2000-04-17,1146,
2000-04-18,1137.24,
2000-04-19,1124.28,
2000-04-20,1125.12,
2000-04-21,1125.48,
2000-04-24,1127.52,
2000-04-25,1111.8,
2000-04-26,1106.04,
2000-04-27,1089.96,
2000-04-28,1090.68,
2000-05-01,1094.4,
2000-05-02,1088.16,
2000-05-03,1066.92,
2000-05-04,1068.84,
2000-05-05,1074.36,
2000-05-08,1074,
2000-05-09,1082.76,
2000-05-10,1091.64,
2000-05-11,1082.52,
2000-05-12,1089.6,
2000-05-15,1096.56,
2000-05-16,1086.36,
2000-05-17,1070.52,
2000-05-18,1074.24,
2000-05-19,1073.52,
2000-05-22,1084.32,
2000-05-23,1083.84,
2000-05-24,1091.52,
2000-05-25,1088.64,
2000-05-26,1117.2,
2000-05-29,0,
2000-05-30,1117.68,
2000-05-31,1119.36,
2000-06-01,1116.84,
2000-06-02,1131.84,
2000-06-05,1136.52,
2000-06-06,1148.4,
2000-06-07,1152,
2000-06-08,1145.76,
2000-06-09,1143.12,
2000-06-12,1145.28,
2000-06-13,1154.28,
2000-06-14,1150.8,
2000-06-15,1143.6,
2000-06-16,1157.76,
2000-06-19,1154.64,
2000-06-20,1146.84,
2000-06-21,1134.6,
2000-06-22,1127.76,
2000-06-23,1122.96,
2000-06-26,1125.84,
2000-06-27,1133.28,
2000-06-28,1133.28,
2000-06-29,1141.8,
2000-06-30,1145.4,
2000-07-03,1143.12,
2000-07-04,0,
2000-07-05,1145.76,
2000-07-06,1143.24,
2000-07-07,1138.08,
2000-07-10,1142.52,
2000-07-11,1139.64,
2000-07-12,1128.12,
2000-07-13,1120.68,
2000-07-14,1124.88,
2000-07-17,1122.12,
2000-07-18,1118.64,
2000-07-19,1108.44,
2000-07-20,1115.04,
2000-07-21,1121.16,
2000-07-24,1117.68,
2000-07-25,1126.92,
2000-07-26,1129.56,
2000-07-27,1119.72,
2000-07-28,1109.52,
2000-07-31,1111.92,
2000-08-01,1107.36,
2000-08-02,1096.44,
2000-08-03,1085.04,
2000-08-04,1089,
2000-08-07,1092.6,
2000-08-08,1082.28,
2000-08-09,1078.92,
2000-08-10,1089.24,
2000-08-11,1085.52,
2000-08-14,1084.44,
2000-08-15,1096.2,
2000-08-16,1097.16,
2000-08-17,1098.24,
2000-08-18,1088.16,
2000-08-21,1083.24,
2000-08-22,1075.8,
2000-08-23,1076.04,
2000-08-24,1083.36,
2000-08-25,1082.88,
2000-08-28,1080.24,
2000-08-29,1075.92,
2000-08-30,1070.88,
2000-08-31,1065.36,
2000-09-01,1079.16,
2000-09-04,0,
2000-09-05,1065.12,
2000-09-06,1044.24,
2000-09-07,1048.8,
2000-09-08,1039.68,
2000-09-11,1034.88,
2000-09-12,1031.52,
2000-09-13,1036.8,
2000-09-14,1034.04,
2000-09-15,1028.64,
2000-09-18,1022.76,
2000-09-19,1021.68,
2000-09-20,1015.44,
2000-09-21,1026.96,
2000-09-22,1055.16,
2000-09-25,1048.56,
2000-09-26,1057.8,
2000-09-27,1056.6,
2000-09-28,1059.12,
2000-09-29,1060.44,
2000-10-02,1056.72,
2000-10-03,1048.92,
2000-10-04,1047.12,
2000-10-05,1042.2,
2000-10-06,1041.6,
2000-10-09,0,
2000-10-10,1041.84,
2000-10-11,1045.8,
2000-10-12,1037.28,
2000-10-13,1028.16,
2000-10-16,1018.68,
2000-10-17,1020.84,
2000-10-18,1006.92,
2000-10-19,1008.72,
2000-10-20,1008,
2000-10-23,1003.68,
2000-10-24,1003.68,
2000-10-25,992.4,
2000-10-26,992.52,
2000-10-27,1008.72,
2000-10-30,1011.84,
2000-10-31,1018.32,
2000-11-01,1030.08,
2000-11-02,1031.28,
2000-11-03,1033.68,
2000-11-06,1030.08,
2000-11-07,1029.96,
2000-11-08,1027.08,
2000-11-09,1028.88,
2000-11-10,1035,
2000-11-13,1032.84,
2000-11-14,1028.76,
2000-11-15,1028.4,
2000-11-16,1023.84,
2000-11-17,1021.92,
2000-11-20,1018.32,
2000-11-21,1014.96,
2000-11-22,1010.76,
2000-11-23,0,
2000-11-24,1005.84,
2000-11-27,1020,
2000-11-28,1025.64,
2000-11-29,1029.24,
2000-11-30,1043.28,
2000-12-01,1051.8,
2000-12-04,1065,
2000-12-05,1056.48,
2000-12-06,1065.24,
2000-12-07,1066.92,
2000-12-08,1060.56,
2000-12-11,1052.52,
2000-12-12,1053,
2000-12-13,1050.6,
2000-12-14,1062.96,
2000-12-15,1077.72,
2000-12-18,1071.48,
2000-12-19,1068.24,
2000-12-20,1086.96,
2000-12-21,1093.44,
2000-12-22,1107.6,
2000-12-25,0,
2000-12-26,1115.04,
2000-12-27,1116.48,
2000-12-28,1110.84,
2000-12-29,1126.56,
2001-01-01,0,
2001-01-02,1135.8,
2001-01-03,1136.76,
2001-01-04,1133.76,
2001-01-05,1144.2,
2001-01-08,1138.32,
2001-01-09,1127.64,
2001-01-10,1126.44,
2001-01-11,1142.4,
2001-01-12,1138.32,
2001-01-15,0,
2001-01-16,1124.88,
2001-01-17,1116.72,
2001-01-18,1133.52,
2001-01-19,1123.56,
2001-01-22,1124.88,
2001-01-23,1126.68,
2001-01-24,1110.96,
2001-01-25,1106.28,
2001-01-26,1105.56,
2001-01-29,1101.72,
2001-01-30,1111.68,
2001-01-31,1116.96,
2001-02-01,1126.08,
2001-02-02,1122.84,
2001-02-05,1127.4,
2001-02-06,1116.48,
2001-02-07,1119.72,
2001-02-08,1102.08,
2001-02-09,1112.04,
2001-02-12,1114.44,
2001-02-13,1104.48,
2001-02-14,1103.64,
2001-02-15,1086.84,
2001-02-16,1099.44,
2001-02-19,0,
2001-02-20,1091.52,
2001-02-21,1089.24,
2001-02-22,1088.28,
2001-02-23,1091.4,
2001-02-26,1091.16,
2001-02-27,1095.36,
2001-02-28,1105.44,
2001-03-01,1114.92,
2001-03-02,1120.8,
2001-03-05,1114.68,
2001-03-06,1117.56,
2001-03-07,1112.88,
2001-03-08,1113.72,
2001-03-09,1117.8,
2001-03-12,1116,
2001-03-13,1097.76,
2001-03-14,1095.96,
2001-03-15,1085.52,
2001-03-16,1071.48,
2001-03-19,1078.2,
2001-03-20,1086.48,
2001-03-21,1076.4,
2001-03-22,1065.72,
2001-03-23,1071.12,
2001-03-26,1074.6,
2001-03-27,1069.2,
2001-03-28,1065.84,
2001-03-29,1056.84,
2001-03-30,1055.28,
2001-04-02,1058.88,
2001-04-03,1071.6,
2001-04-04,1081.56,
2001-04-05,1077.12,
2001-04-06,1080.24,
2001-04-09,1081.68,
2001-04-10,1066.08,
2001-04-11,1062.72,
2001-04-12,1070.64,
2001-04-13,1066.56,
2001-04-16,1063.44,
2001-04-17,1057.68,
2001-04-18,1057.92,
2001-04-19,1069.08,
2001-04-20,1083.84,
2001-04-23,1075.2,
2001-04-24,1073.52,
2001-04-25,1076.64,
2001-04-26,1081.32,
2001-04-27,1070.88,
2001-04-30,1064.88,
2001-05-01,1072.44,
2001-05-02,1071,
2001-05-03,1066.92,
2001-05-04,1072.08,
2001-05-07,1069.92,
2001-05-08,1061.76,
2001-05-09,1061.4,
2001-05-10,1055.04,
2001-05-11,1051.08,
2001-05-14,1049.76,
2001-05-15,1054.56,
2001-05-16,1061.04,
2001-05-17,1059.36,
2001-05-18,1052.88,
2001-05-21,1051.44,
2001-05-22,1038.84,
2001-05-23,1031.76,
2001-05-24,1028.4,
2001-05-25,1029.24,
2001-05-28,0,
2001-05-29,1025.64,
2001-05-30,1029.12,
2001-05-31,1014.6,
2001-06-01,1014.24,
2001-06-04,1013.88,
2001-06-05,1020.48,
2001-06-06,1014.24,
2001-06-07,1020.72,
2001-06-08,1020.6,
2001-06-11,1011,
2001-06-12,1017.48,
2001-06-13,1024.32,
2001-06-14,1031.76,
2001-06-15,1035.36,
2001-06-18,1033.2,
2001-06-19,1026.96,
2001-06-20,1020.72,
2001-06-21,1025.28,
2001-06-22,1028.4,
2001-06-25,1033.32,
2001-06-26,1034.76,
2001-06-27,1034.52,
2001-06-28,1016.4,
2001-06-29,1016.88,
2001-07-02,1014.6,
2001-07-03,1017.24,
2001-07-04,0,
2001-07-05,1004.4,
2001-07-06,1015.8,
2001-07-09,1016.88,
2001-07-10,1026.84,
2001-07-11,1033.68,
2001-07-12,1023.6,
2001-07-13,1023.24,
2001-07-16,1025.88,
2001-07-17,1025.88,
2001-07-18,1044.12,
2001-07-19,1042.8,
2001-07-20,1045.56,
2001-07-23,1041.12,
2001-07-24,1050.24,
2001-07-25,1055.64,
2001-07-26,1051.8,
2001-07-27,1049.88,
2001-07-30,1050,
2001-07-31,1050.24,
2001-08-01,1055.16,
2001-08-02,1057.56,
2001-08-03,1061.16,
2001-08-06,1056.24,
2001-08-07,1053,
2001-08-08,1053.36,
2001-08-09,1066.32,
2001-08-10,1072.8,
2001-08-13,1077.96,
2001-08-14,1083,
2001-08-15,1093.68,
2001-08-16,1096.56,
2001-08-17,1099.8,
2001-08-20,1095.24,
2001-08-21,1093.8,
2001-08-22,1103.28,
2001-08-23,1099.92,
2001-08-24,1093.92,
2001-08-27,1091.76,
2001-08-28,1092.24,
2001-08-29,1091.64,
2001-08-30,1098.48,
2001-08-31,1090.8,
2001-09-03,0,
2001-09-04,1064.16,
2001-09-05,1067.64,
2001-09-06,1073.16,
2001-09-07,1085.28,
2001-09-10,1078.56,
2001-09-11,0,
2001-09-12,1088.28,
2001-09-13,1090.68,
2001-09-14,1103.88,
2001-09-17,1103.76,
2001-09-18,1107.96,
2001-09-19,1117.2,
2001-09-20,1110.6,
2001-09-21,1091.88,
2001-09-24,1096.2,
2001-09-25,1106.64,
2001-09-26,1107.72,
2001-09-27,1101.72,
2001-09-28,1091.88,
2001-10-01,1099.08,
2001-10-02,1097.88,
2001-10-03,1101.72,
2001-10-04,1096.92,
2001-10-05,1100.16,
2001-10-08,0,
2001-10-09,1098,
2001-10-10,1094.16,
2001-10-11,1080.96,
2001-10-12,1089.36,
2001-10-15,1089.24,
2001-10-16,1091.28,
2001-10-17,1087.8,
2001-10-18,1083,
2001-10-19,1078.44,
2001-10-22,1068.72,
2001-10-23,1067.16,
2001-10-24,1071,
2001-10-25,1075.8,
2001-10-26,1070.52,
2001-10-29,1084.44,
2001-10-30,1087.2,
2001-10-31,1079.16,
2001-11-01,1085.28,
2001-11-02,1084.44,
2001-11-05,1075.56,
2001-11-06,1077,
2001-11-07,1079.88,
2001-11-08,1069.2,
2001-11-09,1072.2,
2001-11-12,0,
2001-11-13,1057.32,
2001-11-14,1059.48,
2001-11-15,1057.56,
2001-11-16,1061.88,
2001-11-19,1053.72,
2001-11-20,1059.84,
2001-11-21,1053.72,
2001-11-22,0,
2001-11-23,1052.4,
2001-11-26,1057.32,
2001-11-27,1057.44,
2001-11-28,1063.56,
2001-11-29,1065.48,
2001-11-30,1074.96,
2001-12-03,1067.64,
2001-12-04,1067.76,
2001-12-05,1062.72,
2001-12-06,1069.92,
2001-12-07,1068.6,
2001-12-10,1066.08,
2001-12-11,1068.48,
2001-12-12,1073.4,
2001-12-13,1077.12,
2001-12-14,1085.28,
2001-12-17,1084.8,
2001-12-18,1082.28,
2001-12-19,1079.64,
2001-12-20,1076.64,
2001-12-21,1063.68,
2001-12-24,1052.76,
2001-12-25,0,
2001-12-26,1053.36,
2001-12-27,1061.16,
2001-12-28,1058.64,
2001-12-31,1068.12,
2002-01-01,0,
2002-01-02,1083.72,
2002-01-03,1079.04,
2002-01-04,1073.52,
2002-01-07,1071.72,
2002-01-08,1071,
2002-01-09,1065.84,
2002-01-10,1071,
2002-01-11,1068.6,
2002-01-14,1072.2,
2002-01-15,1069.56,
2002-01-16,1060.08,
2002-01-17,1056,
2002-01-18,1061.28,
2002-01-21,0,
2002-01-22,1060.56,
2002-01-23,1060.32,
2002-01-24,1053.84,
2002-01-25,1038.6,
2002-01-28,1032.6,
2002-01-29,1037.16,
2002-01-30,1037.76,
2002-01-31,1031.28,
2002-02-01,1033.56,
2002-02-04,1042.2,
2002-02-05,1040.64,
2002-02-06,1043.16,
2002-02-07,1042.8,
2002-02-08,1047.24,
2002-02-11,1053.36,
2002-02-12,1052.16,
2002-02-13,1047.6,
2002-02-14,1045.56,
2002-02-15,1047.6,
2002-02-18,0,
2002-02-19,1051.68,
2002-02-20,1044.6,
2002-02-21,1045.44,
2002-02-22,1050.84,
2002-02-25,1045.56,
2002-02-26,1041.84,
2002-02-27,1037.04,
2002-02-28,1038.96,
2002-03-01,1038.24,
2002-03-04,1044.6,
2002-03-05,1043.88,
2002-03-06,1052.64,
2002-03-07,1055.4,
2002-03-08,1050.24,
2002-03-11,1052.16,
2002-03-12,1051.08,
2002-03-13,1052.4,
2002-03-14,1057.92,
2002-03-15,1058.76,
2002-03-18,1059.12,
2002-03-19,1056.6,
2002-03-20,1060.32,
2002-03-21,1060.32,
2002-03-22,1054.92,
2002-03-25,1052.16,
2002-03-26,1052.04,
2002-03-27,1047.12,
2002-03-28,1045.32,
2002-03-29,1046.04,
2002-04-01,1056.72,
2002-04-02,1053.84,
2002-04-03,1056.48,
2002-04-04,1053.48,
2002-04-05,1056.6,
2002-04-08,1050,
2002-04-09,1055.16,
2002-04-10,1055.28,
2002-04-11,1059.48,
2002-04-12,1055.04,
2002-04-15,1056.24,
2002-04-16,1059.6,
2002-04-17,1066.2,
2002-04-18,1067.76,
2002-04-19,1067.16,
2002-04-22,1065.24,
2002-04-23,1067.64,
2002-04-24,1069.8,
2002-04-25,1077.36,
2002-04-26,1077.6,
2002-04-29,1083.36,
2002-04-30,1080.24,
2002-05-01,1087.44,
2002-05-02,1083.84,
2002-05-03,1095.96,
2002-05-06,1099.92,
2002-05-07,1097.76,
2002-05-08,1084.8,
2002-05-09,1090.56,
2002-05-10,1093.92,
2002-05-13,1092.84,
2002-05-14,1082.64,
2002-05-15,1088.88,
2002-05-16,1092.6,
2002-05-17,1104.72,
2002-05-20,1105.56,
2002-05-21,1102.92,
2002-05-22,1111.8,
2002-05-23,1107.96,
2002-05-24,1106.4,
2002-05-27,0,
2002-05-28,1114.2,
2002-05-29,1117.56,
2002-05-30,1124.76,
2002-05-31,1120.68,
2002-06-03,1126.8,
2002-06-04,1130.88,
2002-06-05,1126.92,
2002-06-06,1134.84,
2002-06-07,1133.88,
2002-06-10,1133.52,
2002-06-11,1133.4,
2002-06-12,1136.76,
2002-06-13,1132.8,
2002-06-14,1133.76,
2002-06-17,1133.04,
2002-06-18,1137.96,
2002-06-19,1145.28,
2002-06-20,1157.52,
2002-06-21,1164.6,
2002-06-24,1174.32,
2002-06-25,1163.04,
2002-06-26,1179,
2002-06-27,1186.2,
2002-06-28,1182.72,
2002-07-01,1187.16,
2002-07-02,1180.8,
2002-07-03,1177.92,
2002-07-04,0,
2002-07-05,1167.6,
2002-07-08,1184.28,
2002-07-09,1192.56,
2002-07-10,1186.8,
2002-07-11,1191.24,
2002-07-12,1188.48,
2002-07-15,1208.64,
2002-07-16,1210.44,
2002-07-17,1209.36,
2002-07-18,1208.04,
2002-07-19,1218.72,
2002-07-22,1211.76,
2002-07-23,1191.96,
2002-07-24,1193.4,
2002-07-25,1199.64,
2002-07-26,1185.84,
2002-07-29,1173.48,
2002-07-30,1185.48,
2002-07-31,1175.52,
2002-08-01,1181.16,
2002-08-02,1185.84,
2002-08-05,1181.52,
2002-08-06,1156.8,
2002-08-07,1168.56,
2002-08-08,1158.36,
2002-08-09,1165.68,
2002-08-12,1173.36,
2002-08-13,1174.44,
2002-08-14,1184.04,
2002-08-15,1177.92,
2002-08-16,1180.32,
2002-08-19,1173,
2002-08-20,1173.48,
2002-08-21,1175.52,
2002-08-22,1163.64,
2002-08-23,1167.12,
2002-08-26,1167.72,
2002-08-27,1177.68,
2002-08-28,1178.4,
2002-08-29,1179.48,
2002-08-30,1176.72,
2002-09-02,0,
2002-09-03,1195.08,
2002-09-04,1190.76,
2002-09-05,1189.32,
2002-09-06,1181.16,
2002-09-09,1178.04,
2002-09-10,1170.24,
2002-09-11,1166.88,
2002-09-12,1171.32,
2002-09-13,1169.16,
2002-09-16,1166.76,
2002-09-17,1162.2,
2002-09-18,1174.68,
2002-09-19,1178.04,
2002-09-20,1180.68,
2002-09-23,1178.64,
2002-09-24,1177.8,
2002-09-25,1175.64,
2002-09-26,1170.6,
2002-09-27,1172.64,
2002-09-30,1185.48,
2002-10-01,1183.08,
2002-10-02,1181.04,
2002-10-03,1184.52,
2002-10-04,1178.52,
2002-10-07,1177.92,
2002-10-08,1175.52,
2002-10-09,1184.16,
2002-10-10,1183.32,
2002-10-11,1182.48,
2002-10-14,0,
2002-10-15,1177.2,
2002-10-16,1178.88,
2002-10-17,1166.16,
2002-10-18,1164.96,
2002-10-21,1167.84,
2002-10-22,1173.84,
2002-10-23,1172.64,
2002-10-24,1169.04,
2002-10-25,1172.04,
2002-10-28,1181.16,
2002-10-29,1182.12,
2002-10-30,1180.2,
2002-10-31,1185.72,
2002-11-01,1196.52,
2002-11-04,1194.36,
2002-11-05,1199.28,
2002-11-06,1196.88,
2002-11-07,1211.04,
2002-11-08,1216.68,
2002-11-11,0,
2002-11-12,1212.6,
2002-11-13,1207.2,
2002-11-14,1204.08,
2002-11-15,1209.84,
2002-11-18,1209.96,
2002-11-19,1212.84,
2002-11-20,1202.88,
2002-11-21,1198.08,
2002-11-22,1195.92,
2002-11-25,1192.44,
2002-11-26,1189.56,
2002-11-27,1187.4,
2002-11-28,0,
2002-11-29,1191.84,
2002-12-02,1191.24,
2002-12-03,1196.16,
2002-12-04,1199.88,
2002-12-05,1198.68,
2002-12-06,1209.72,
2002-12-09,1210.56,
2002-12-10,1208.76,
2002-12-11,1209.96,
2002-12-12,1222.68,
2002-12-13,1227.12,
2002-12-16,1225.2,
2002-12-17,1232.04,
2002-12-18,1230.48,
2002-12-19,1226.04,
2002-12-20,1232.16,
2002-12-23,1226.04,
2002-12-24,1236.6,
2002-12-25,0,
2002-12-26,1242.96,
2002-12-27,1249.32,
2002-12-30,1255.2,
2002-12-31,1258.2,
2003-01-01,0,
2003-01-02,1243.32,
2003-01-03,1250.16,
2003-01-06,1256.28,
2003-01-07,1250.28,
2003-01-08,1253.64,
2003-01-09,1256.04,
2003-01-10,1264.2,
2003-01-13,1264.2,
2003-01-14,1268.52,
2003-01-15,1269.12,
2003-01-16,1268.28,
2003-01-17,1279.2,
2003-01-20,0,
2003-01-21,1281.24,
2003-01-22,1287.48,
2003-01-23,1292.04,
2003-01-24,1299,
2003-01-27,1300.56,
2003-01-28,1299.96,
2003-01-29,1303.32,
2003-01-30,1293.12,
2003-01-31,1288.68,
2003-02-03,1291.32,
2003-02-04,1305,
2003-02-05,1301.04,
2003-02-06,1299.36,
2003-02-07,1296.12,
2003-02-10,1288.8,
2003-02-11,1289.64,
2003-02-12,1285.92,
2003-02-13,1300.08,
2003-02-14,1295.88,
2003-02-17,0,
2003-02-18,1284.96,
2003-02-19,1289.28,
2003-02-20,1298.52,
2003-02-21,1294.44,
2003-02-24,1293.96,
2003-02-25,1293.84,
2003-02-26,1295.64,
2003-02-27,1291.56,
2003-02-28,1293.48,
2003-03-03,1300.2,
2003-03-04,1305.96,
2003-03-05,1316.04,
2003-03-06,1319.64,
2003-03-07,1321.68,
2003-03-10,1327.44,
2003-03-11,1323.36,
2003-03-12,1322.76,
2003-03-13,1304.4,
2003-03-14,1287,
2003-03-17,1272.72,
2003-03-18,1274.88,
2003-03-19,1270.8,
2003-03-20,1273.56,
2003-03-21,1265.4,
2003-03-24,1277.28,
2003-03-25,1280.76,
2003-03-26,1281.24,
2003-03-27,1284.96,
2003-03-28,1291.44,
2003-03-31,1308,
2003-04-01,1308.48,
2003-04-02,1291.8,
2003-04-03,1288.32,
2003-04-04,1285.32,
2003-04-07,1274.52,
2003-04-08,1282.08,
2003-04-09,1286.64,
2003-04-10,1296.36,
2003-04-11,1290.12,
2003-04-14,1292.76,
2003-04-15,1296.12,
2003-04-16,1304.64,
2003-04-17,1308.84,
2003-04-18,1305.84,
2003-04-21,1302.84,
2003-04-22,1315.92,
2003-04-23,1313.88,
2003-04-24,1324.68,
2003-04-25,1324.8,
2003-04-28,1319.88,
2003-04-29,1321.2,
2003-04-30,1341.6,
2003-05-01,1348.56,
2003-05-02,1344,
2003-05-05,1352.52,
2003-05-06,1362.48,
2003-05-07,1360.8,
2003-05-08,1374.36,
2003-05-09,1379.76,
2003-05-12,1386.84,
2003-05-13,1379.88,
2003-05-14,1379.76,
2003-05-15,1374.84,
2003-05-16,1385.04,
2003-05-19,1402.32,
2003-05-20,1402.2,
2003-05-21,1404.84,
2003-05-22,1404,
2003-05-23,1414.32,
2003-05-26,0,
2003-05-27,1422.36,
2003-05-28,1409.04,
2003-05-29,1420.2,
2003-05-30,1411.92,
2003-06-02,1409.28,
2003-06-03,1404.24,
2003-06-04,1404.96,
2003-06-05,1424.4,
2003-06-06,1403.4,
2003-06-09,1409.16,
2003-06-10,1402.32,
2003-06-11,1411.68,
2003-06-12,1412.04,
2003-06-13,1419.6,
2003-06-16,1421.16,
2003-06-17,1417.44,
2003-06-18,1405.2,
2003-06-19,1401.36,
2003-06-20,1393.92,
2003-06-23,1385.76,
2003-06-24,1379.76,
2003-06-25,1391.04,
2003-06-26,1371.48,
2003-06-27,1370.76,
2003-06-30,1380.24,
2003-07-01,1389.6,
2003-07-02,1382.88,
2003-07-03,1380.36,
2003-07-04,0,
2003-07-07,1360.92,
2003-07-08,1351.8,
2003-07-09,1357.32,
2003-07-10,1366.8,
2003-07-11,1356.48,
2003-07-14,1355.76,
2003-07-15,1347.96,
2003-07-16,1345.08,
2003-07-17,1339.68,
2003-07-18,1348.68,
2003-07-21,1361.52,
2003-07-22,1359,
2003-07-23,1378.08,
2003-07-24,1372.92,
2003-07-25,1381.56,
2003-07-28,1379.64,
2003-07-29,1375.92,
2003-07-30,1364.04,
2003-07-31,1347.72,
2003-08-01,1350.24,
2003-08-04,1360.44,
2003-08-05,1361.88,
2003-08-06,1362.84,
2003-08-07,1366.8,
2003-08-08,1358.52,
2003-08-11,1361.88,
2003-08-12,1356.48,
2003-08-13,1358.04,
2003-08-14,1349.88,
2003-08-15,1350.6,
2003-08-18,1336.56,
2003-08-19,1334.04,
2003-08-20,1332.48,
2003-08-21,1317.12,
2003-08-22,1304.52,
2003-08-25,1307.04,
2003-08-26,1307.16,
2003-08-27,1308.72,
2003-08-28,1307.52,
2003-08-29,1318.32,
2003-09-01,0,
2003-09-02,1304.64,
2003-09-03,1301.4,
2003-09-04,1307.88,
2003-09-05,1328.76,
2003-09-08,1334.88,
2003-09-09,1342.8,
2003-09-10,1343.4,
2003-09-11,1342.32,
2003-09-12,1356.84,
2003-09-15,1356.48,
2003-09-16,1339.92,
2003-09-17,1348.68,
2003-09-18,1348.8,
2003-09-19,1361.52,
2003-09-22,1376.16,
2003-09-23,1378.44,
2003-09-24,1376.64,
2003-09-25,1378.08,
2003-09-26,1377.84,
2003-09-29,1389.36,
2003-09-30,1398,
2003-10-01,1404.96,
2003-10-02,1406.04,
2003-10-03,1391.52,
2003-10-06,1404.72,
2003-10-07,1414.08,
2003-10-08,1416.6,
2003-10-09,1403.4,
2003-10-10,1417.44,
2003-10-13,0,
2003-10-14,1406.88,
2003-10-15,1398.24,
2003-10-16,1399.8,
2003-10-17,1395.6,
2003-10-20,1400.52,
2003-10-21,1401.12,
2003-10-22,1416.6,
2003-10-23,1415.4,
2003-10-24,1419.96,
2003-10-27,1411.44,
2003-10-28,1402.68,
2003-10-29,1400.76,
2003-10-30,1403.28,
2003-10-31,1393.08,
2003-11-03,1374.48,
2003-11-04,1379.64,
2003-11-05,1376.76,
2003-11-06,1370.04,
2003-11-07,1380.6,
2003-11-10,1381.8,
2003-11-11,0,
2003-11-12,1397.64,
2003-11-13,1405.32,
2003-11-14,1409.16,
2003-11-17,1409.28,
2003-11-18,1427.16,
2003-11-19,1429.08,
2003-11-20,1427.4,
2003-11-21,1429.56,
2003-11-24,1412.16,
2003-11-25,1414.2,
2003-11-26,1430.16,
2003-11-27,0,
2003-11-28,1439.4,
2003-12-01,1434.72,
2003-12-02,1450.08,
2003-12-03,1451.16,
2003-12-04,1449.24,
2003-12-05,1458.84,
2003-12-08,1466.04,
2003-12-09,1467.48,
2003-12-10,1465.8,
2003-12-11,1459.68,
2003-12-12,1474.08,
2003-12-15,1474.8,
2003-12-16,1479.36,
2003-12-17,1485.72,
2003-12-18,1485.12,
2003-12-19,1485.6,
2003-12-22,1489.8,
2003-12-23,1488.72,
2003-12-24,1495.68,
2003-12-25,0,
2003-12-26,1492.92,
2003-12-29,1498.2,
2003-12-30,1502.52,
2003-12-31,1511.64,
2004-01-01,0,
2004-01-02,1511.04,
2004-01-05,1521.48,
2004-01-06,1532.76,
2004-01-07,1519.8,
2004-01-08,1532.64,
2004-01-09,1542.36,
2004-01-12,1536.24,
2004-01-13,1528.2,
2004-01-14,1527.12,
2004-01-15,1510.56,
2004-01-16,1487.4,
2004-01-19,0,
2004-01-20,1510.08,
2004-01-21,1514.04,
2004-01-22,1526.04,
2004-01-23,1513.2,
2004-01-26,1506.24,
2004-01-27,1517.16,
2004-01-28,1514.4,
2004-01-29,1486.68,
2004-01-30,1494.24,
2004-02-02,1491.12,
2004-02-03,1507.32,
2004-02-04,1506.24,
2004-02-05,1512.72,
2004-02-06,1523.28,
2004-02-09,1520.64,
2004-02-10,1527.24,
2004-02-11,1537.8,
2004-02-12,1536.84,
2004-02-13,1530.12,
2004-02-16,0,
2004-02-17,1541.76,
2004-02-18,1537.44,
2004-02-19,1522.2,
2004-02-20,1507.56,
2004-02-23,1508.28,
2004-02-24,1523.04,
2004-02-25,1500.36,
2004-02-26,1493.28,
2004-02-27,1492.92,
2004-03-01,1491.72,
2004-03-02,1465.44,
2004-03-03,1450.56,
2004-03-04,1467,
2004-03-05,1488.12,
2004-03-08,1484.52,
2004-03-09,1491.36,
2004-03-10,1467.12,
2004-03-11,1472.16,
2004-03-12,1462.92,
2004-03-15,1469.16,
2004-03-16,1472.4,
2004-03-17,1463.64,
2004-03-18,1487.04,
2004-03-19,1472.28,
2004-03-22,1484.16,
2004-03-23,1477.32,
2004-03-24,1465.56,
2004-03-25,1460.4,
2004-03-26,1451.04,
2004-03-29,1456.92,
2004-03-30,1464.24,
2004-03-31,1475.04,
2004-04-01,1482.96,
2004-04-02,1453.08,
2004-04-05,1440.96,
2004-04-06,1450.68,
2004-04-07,1460.52,
2004-04-08,1450.56,
2004-04-09,1452.24,
2004-04-12,1448.16,
2004-04-13,1430.76,
2004-04-14,1432.8,
2004-04-15,1429.68,
2004-04-16,1443,
2004-04-19,1442.28,
2004-04-20,1429.2,
2004-04-21,1422.36,
2004-04-22,1423.32,
2004-04-23,1416.24,
2004-04-26,1422.12,
2004-04-27,1431.24,
2004-04-28,1419.6,
2004-04-29,1433.4,
2004-04-30,1437,
2004-05-03,1432.44,
2004-05-04,1449.12,
2004-05-05,1459.8,
2004-05-06,1450.8,
2004-05-07,1426.2,
2004-05-10,1420.08,
2004-05-11,1418.16,
2004-05-12,1429.32,
2004-05-13,1416.12,
2004-05-14,1424.88,
2004-05-17,1441.08,
2004-05-18,1436.52,
2004-05-19,1441.8,
2004-05-20,1431.12,
2004-05-21,1441.08,
2004-05-24,1437.36,
2004-05-25,1452.84,
2004-05-26,1452.24,
2004-05-27,1472.88,
2004-05-28,1466.04,
2004-05-31,0,
2004-06-01,1465.2,
2004-06-02,1470,
2004-06-03,1464.6,
2004-06-04,1470.96,
2004-06-07,1478.4,
2004-06-08,1472.76,
2004-06-09,1451.64,
2004-06-10,1453.2,
2004-06-11,1441.32,
2004-06-14,1448.76,
2004-06-15,1456.68,
2004-06-16,1440.72,
2004-06-17,1444.8,
2004-06-18,1454.16,
2004-06-21,1453.2,
2004-06-22,1451.04,
2004-06-23,1450.8,
2004-06-24,1460.4,
2004-06-25,1457.4,
2004-06-28,1463.16,
2004-06-29,1454.88,
2004-06-30,1461.48,
2004-07-01,1458.96,
2004-07-02,1476.84,
2004-07-05,0,
2004-07-06,1474.8,
2004-07-07,1486.08,
2004-07-08,1486.8,
2004-07-09,1486.56,
2004-07-12,1489.08,
2004-07-13,1476.24,
2004-07-14,1486.2,
2004-07-15,1484.76,
2004-07-16,1492.44,
2004-07-19,1491.72,
2004-07-20,1485.24,
2004-07-21,1466.88,
2004-07-22,1472.76,
2004-07-23,1454.64,
2004-07-26,1456.2,
2004-07-27,1446.72,
2004-07-28,1445.52,
2004-07-29,1448.4,
2004-07-30,1443.84,
2004-08-02,1444.08,
2004-08-03,1446.12,
2004-08-04,1446.84,
2004-08-05,1446,
2004-08-06,1472.64,
2004-08-09,1471.32,
2004-08-10,1476.72,
2004-08-11,1466.64,
2004-08-12,1466.88,
2004-08-13,1482.48,
2004-08-16,1479.96,
2004-08-17,1479.48,
2004-08-18,1475.88,
2004-08-19,1484.16,
2004-08-20,1478.88,
2004-08-23,1463.52,
2004-08-24,1451.88,
2004-08-25,1450.8,
2004-08-26,1450.08,
2004-08-27,1443,
2004-08-30,1445.88,
2004-08-31,1461.96,
2004-09-01,1461.48,
2004-09-02,1459.68,
2004-09-03,1446.24,
2004-09-06,0,
2004-09-07,1451.16,
2004-09-08,1459.68,
2004-09-09,1462.68,
2004-09-10,1473.84,
2004-09-13,1470.12,
2004-09-14,1472.16,
2004-09-15,1457.28,
2004-09-16,1458.48,
2004-09-17,1460.88,
2004-09-20,1460.64,
2004-09-21,1471.68,
2004-09-22,1471.32,
2004-09-23,1475.76,
2004-09-24,1470.72,
2004-09-27,1476.84,
2004-09-28,1476.72,
2004-09-29,1476.96,
2004-09-30,1490.04,
2004-10-01,1488,
2004-10-04,1472.88,
2004-10-05,1477.92,
2004-10-06,1475.76,
2004-10-07,1474.32,
2004-10-08,1490.16,
2004-10-11,0,
2004-10-12,1478.4,
2004-10-13,1472.52,
2004-10-14,1487.16,
2004-10-15,1497.36,
2004-10-18,1502.4,
2004-10-19,1501.8,
2004-10-20,1515.24,
2004-10-21,1514.64,
2004-10-22,1516.68,
2004-10-25,1533.96,
2004-10-26,1530.96,
2004-10-27,1527,
2004-10-28,1531.08,
2004-10-29,1529.52,
2004-11-01,1528.92,
2004-11-02,1524.36,
2004-11-03,1534.44,
2004-11-04,1545.96,
2004-11-05,1552.56,
2004-11-08,1552.32,
2004-11-09,1551.6,
2004-11-10,1551,
2004-11-11,0,
2004-11-12,1556.76,
2004-11-15,1553.28,
2004-11-16,1557.48,
2004-11-17,1563.72,
2004-11-18,1557.84,
2004-11-19,1567.08,
2004-11-22,1565.76,
2004-11-23,1570.8,
2004-11-24,1579.44,
2004-11-25,0,
2004-11-26,1594.56,
2004-11-29,1594.32,
2004-11-30,1591.08,
2004-12-01,1596.96,
2004-12-02,1592.16,
2004-12-03,1606.8,
2004-12-06,1611.72,
2004-12-07,1612.44,
2004-12-08,1590.24,
2004-12-09,1592.88,
2004-12-10,1586.88,
2004-12-13,1597.08,
2004-12-14,1593.6,
2004-12-15,1611.48,
2004-12-16,1594.44,
2004-12-17,1595.4,
2004-12-20,1607.52,
2004-12-21,1605.24,
2004-12-22,1606.8,
2004-12-23,1618.92,
2004-12-24,1624.32,
2004-12-27,1635,
2004-12-28,1634.52,
2004-12-29,1628.16,
2004-12-30,1634.76,
2004-12-31,1624.56,
2005-01-03,1617.12,
2005-01-04,1595.4,
2005-01-05,1595.04,
2005-01-06,1582.44,
2005-01-07,1567.44,
2005-01-10,1573.08,
2005-01-11,1579.32,
2005-01-12,1593.72,
2005-01-13,1584.84,
2005-01-14,1572.72,
2005-01-17,0,
2005-01-18,1565.16,
2005-01-19,1564.32,
2005-01-20,1555.08,
2005-01-21,1565.88,
2005-01-24,1564.92,
2005-01-25,1554.48,
2005-01-26,1569.72,
2005-01-27,1563.84,
2005-01-28,1563.96,
2005-01-31,1565.88,
2005-02-01,1562.04,
2005-02-02,1561.8,
2005-02-03,1555.08,
2005-02-04,1551.24,
2005-02-07,1532.76,
2005-02-08,1533.96,
2005-02-09,1535.64,
2005-02-10,1545.84,
2005-02-11,1543.68,
2005-02-14,1557.72,
2005-02-15,1558.32,
2005-02-16,1559.28,
2005-02-17,1569.96,
2005-02-18,1569,
2005-02-21,0,
2005-02-22,1587.6,
2005-02-23,1584.96,
2005-02-24,1584.6,
2005-02-25,1583.4,
2005-02-28,1592.88,
2005-03-01,1582.68,
2005-03-02,1575.24,
2005-03-03,1575.6,
2005-03-04,1589.28,
2005-03-07,1584.36,
2005-03-08,1601.04,
2005-03-09,1606.08,
2005-03-10,1609.08,
2005-03-11,1615.8,
2005-03-14,1601.52,
2005-03-15,1597.8,
2005-03-16,1610.76,
2005-03-17,1604.76,
2005-03-18,1597.32,
2005-03-21,1579.8,
2005-03-22,1585.2,
2005-03-23,1560.6,
2005-03-24,1554.84,
2005-03-25,1554.48,
2005-03-28,1545.24,
2005-03-29,1549.56,
2005-03-30,1553.28,
2005-03-31,1556.28,
2005-04-01,1547.52,
2005-04-04,1540.56,
2005-04-05,1541.04,
2005-04-06,1544.16,
2005-04-07,1548.72,
2005-04-08,1549.44,
2005-04-11,1556.64,
2005-04-12,1544.76,
2005-04-13,1550.16,
2005-04-14,1538.28,
2005-04-15,1551.36,
2005-04-18,1564.44,
2005-04-19,1564.08,
2005-04-20,1569.6,
2005-04-21,1571.16,
2005-04-22,1568.16,
2005-04-25,1558.08,
2005-04-26,1555.68,
2005-04-27,1552.56,
2005-04-28,1549.92,
2005-04-29,1550.28,
2005-05-02,1542.84,
2005-05-03,1546.68,
2005-05-04,1552.32,
2005-05-05,1552.32,
2005-05-06,1539.84,
2005-05-09,1540.68,
2005-05-10,1545.24,
2005-05-11,1536.36,
2005-05-12,1524.72,
2005-05-13,1517.4,
2005-05-16,1515.6,
2005-05-17,1517.28,
2005-05-18,1519.2,
2005-05-19,1515.36,
2005-05-20,1506.36,
2005-05-23,1509,
2005-05-24,1510.56,
2005-05-25,1512.24,
2005-05-26,1502.04,
2005-05-27,1508.16,
2005-05-30,0,
2005-05-31,1481.88,
2005-06-01,1467.84,
2005-06-02,1471.92,
2005-06-03,1467.24,
2005-06-06,1472.16,
2005-06-07,1473.24,
2005-06-08,1478.4,
2005-06-09,1465.92,
2005-06-10,1455.24,
2005-06-13,1444.2,
2005-06-14,1444.56,
2005-06-15,1452.72,
2005-06-16,1450.68,
2005-06-17,1468.8,
2005-06-20,1456.8,
2005-06-21,1456.08,
2005-06-22,1455.6,
2005-06-23,1446.48,
2005-06-24,1450.56,
2005-06-27,1458.24,
2005-06-28,1449.36,
2005-06-29,1452.12,
2005-06-30,1451.76,
2005-07-01,1434.84,
2005-07-04,0,
2005-07-05,1430.04,
2005-07-06,1430.16,
2005-07-07,1431.36,
2005-07-08,1432.08,
2005-07-11,1447.92,
2005-07-12,1464,
2005-07-13,1450.8,
2005-07-14,1450.68,
2005-07-15,1444.44,
2005-07-18,1449.24,
2005-07-19,1440.12,
2005-07-20,1445.52,
2005-07-21,1453.56,
2005-07-22,1449.48,
2005-07-25,1446.48,
2005-07-26,1440.84,
2005-07-27,1445.76,
2005-07-28,1454.52,
2005-07-29,1455.48,
2005-08-01,1463.4,
2005-08-02,1465.08,
2005-08-03,1480.44,
2005-08-04,1485.96,
2005-08-05,1479.24,
2005-08-08,1483.32,
2005-08-09,1481.64,
2005-08-10,1481.4,
2005-08-11,1492.08,
2005-08-12,1491.36,
2005-08-15,1483.44,
2005-08-16,1481.04,
2005-08-17,1474.8,
2005-08-18,1461.36,
2005-08-19,1457.64,
2005-08-22,1468.2,
2005-08-23,1465.56,
2005-08-24,1468.68,
2005-08-25,1477.32,
2005-08-26,1478.88,
2005-08-29,1469.76,
2005-08-30,1464.48,
2005-08-31,1479.6,
2005-09-01,1493.64,
2005-09-02,1504.56,
2005-09-05,0,
2005-09-06,1497.96,
2005-09-07,1492.68,
2005-09-08,1488,
2005-09-09,1491.96,
2005-09-12,1474.56,
2005-09-13,1471.56,
2005-09-14,1473.84,
2005-09-15,1465.92,
2005-09-16,1465.68,
2005-09-19,1458.36,
2005-09-20,1461.24,
2005-09-21,1464.96,
2005-09-22,1458.36,
2005-09-23,1449.24,
2005-09-26,1444.32,
2005-09-27,1441.32,
2005-09-28,1441.92,
2005-09-29,1442.4,
2005-09-30,1446.96,
2005-10-03,1429.68,
2005-10-04,1430.16,
2005-10-05,1438.08,
2005-10-06,1455.96,
2005-10-07,1453.8,
2005-10-10,0,
2005-10-11,1441.8,
2005-10-12,1444.8,
2005-10-13,1432.56,
2005-10-14,1448.76,
2005-10-17,1444.8,
2005-10-18,1432.68,
2005-10-19,1438.56,
2005-10-20,1437.84,
2005-10-21,1434.96,
2005-10-24,1439.76,
2005-10-25,1451.88,
2005-10-26,1449.84,
2005-10-27,1457.76,
2005-10-28,1450.68,
2005-10-31,1439.4,
2005-11-01,1439.76,
2005-11-02,1448.04,
2005-11-03,1436.52,
2005-11-04,1419.36,
2005-11-07,1415.4,
2005-11-08,1412.76,
2005-11-09,1409.76,
2005-11-10,1408.8,
2005-11-11,0,
2005-11-14,1400.04,
2005-11-15,1403.4,
2005-11-16,1400.64,
2005-11-17,1404.72,
2005-11-18,1408.92,
2005-11-21,1408.08,
2005-11-22,1408.44,
2005-11-23,1415.88,
2005-11-24,0,
2005-11-25,1406.88,
2005-11-28,1416.48,
2005-11-29,1414.32,
2005-11-30,1414.8,
2005-12-01,1404.24,
2005-12-02,1403.88,
2005-12-05,1414.44,
2005-12-06,1414.08,
2005-12-07,1406.64,
2005-12-08,1419.6,
2005-12-09,1418.88,
2005-12-12,1436.28,
2005-12-13,1431.12,
2005-12-14,1444.92,
2005-12-15,1435.8,
2005-12-16,1441.44,
2005-12-19,1439.52,
2005-12-20,1421.76,
2005-12-21,1417.92,
2005-12-22,1425.96,
2005-12-23,1422.84,
2005-12-26,0,
2005-12-27,1422.72,
2005-12-28,1425,
2005-12-29,1421.52,
2005-12-30,1421.04,
2006-01-02,0,
2006-01-03,1437.6,
2006-01-04,1450.92,
2006-01-05,1452.12,
2006-01-06,1457.76,
2006-01-09,1447.68,
2006-01-10,1447.56,
2006-01-11,1456.2,
2006-01-12,1444.2,
2006-01-13,1452.36,
2006-01-16,0,
2006-01-17,1448.76,
2006-01-18,1449.96,
2006-01-19,1453.2,
2006-01-20,1452.12,
2006-01-23,1473.12,
2006-01-24,1474.44,
2006-01-25,1470.24,
2006-01-26,1467.48,
2006-01-27,1455.6,
2006-01-30,1450.92,
2006-01-31,1458.96,
2006-02-01,1451.04,
2006-02-02,1452,
2006-02-03,1442.52,
2006-02-06,1436.52,
2006-02-07,1436.88,
2006-02-08,1432.2,
2006-02-09,1435.56,
2006-02-10,1430.4,
2006-02-13,1428.6,
2006-02-14,1427.4,
2006-02-15,1426.08,
2006-02-16,1425.84,
2006-02-17,1428.72,
2006-02-20,0,
2006-02-21,1429.44,
2006-02-22,1428.6,
2006-02-23,1430.76,
2006-02-24,1425.84,
2006-02-27,1423.2,
2006-02-28,1431,
2006-03-01,1427.88,
2006-03-02,1440.36,
2006-03-03,1443.36,
2006-03-06,1440.24,
2006-03-07,1426.56,
2006-03-08,1429.68,
2006-03-09,1430.4,
2006-03-10,1426.32,
2006-03-13,1433.04,
2006-03-14,1443,
2006-03-15,1445.4,
2006-03-16,1458.12,
2006-03-17,1463.64,
2006-03-20,1460.16,
2006-03-21,1449.48,
2006-03-22,1451.4,
2006-03-23,1438.08,
2006-03-24,1444.08,
2006-03-27,1441.8,
2006-03-28,1449.36,
2006-03-29,1443.6,
2006-03-30,1455.84,
2006-03-31,1456.68,
2006-04-03,1454.88,
2006-04-04,1470.96,
2006-04-05,1472.64,
2006-04-06,1465.92,
2006-04-07,1453.08,
2006-04-10,1450.92,
2006-04-11,1455,
2006-04-12,1452.84,
2006-04-13,1452.84,
2006-04-14,1452.72,
2006-04-17,1472.04,
2006-04-18,1472.88,
2006-04-19,1481.4,
2006-04-20,1479.12,
2006-04-21,1480.8,
2006-04-24,1484.76,
2006-04-25,1489.44,
2006-04-26,1495.68,
2006-04-27,1503,
2006-04-28,1514.88,
2006-05-01,1512.84,
2006-05-02,1517.28,
2006-05-03,1516.68,
2006-05-04,1522.08,
2006-05-05,1527.96,
2006-05-08,1526.4,
2006-05-09,1529.64,
2006-05-10,1535.88,
2006-05-11,1542.6,
2006-05-12,1546.56,
2006-05-15,1539.12,
2006-05-16,1538.04,
2006-05-17,1526.64,
2006-05-18,1535.4,
2006-05-19,1530,
2006-05-22,1542,
2006-05-23,1541.28,
2006-05-24,1529.64,
2006-05-25,1533.24,
2006-05-26,1528.68,
2006-05-29,0,
2006-05-30,1544.16,
2006-05-31,1539.96,
2006-06-01,1538.88,
2006-06-02,1549.44,
2006-06-05,1554.36,
2006-06-06,1539.36,
2006-06-07,1535.88,
2006-06-08,1517.76,
2006-06-09,1516.32,
2006-06-12,1510.44,
2006-06-13,1508.88,
2006-06-14,1515.72,
2006-06-15,1513.92,
2006-06-16,1514.76,
2006-06-19,1509.24,
2006-06-20,1508.16,
2006-06-21,1519.8,
2006-06-22,1509.84,
2006-06-23,1502.64,
2006-06-26,1506.48,
2006-06-27,1510.68,
2006-06-28,1503.84,
2006-06-29,1504.08,
2006-06-30,1533.48,
2006-07-03,1535.16,
2006-07-04,0,
2006-07-05,1527.12,
2006-07-06,1530.84,
2006-07-07,1538.64,
2006-07-10,1530.12,
2006-07-11,1530.48,
2006-07-12,1524.72,
2006-07-13,1520.76,
2006-07-14,1516.92,
2006-07-17,1503.48,
2006-07-18,1500,
2006-07-19,1507.2,
2006-07-20,1516.68,
2006-07-21,1522.08,
2006-07-24,1515.6,
2006-07-25,1509.12,
2006-07-26,1515.36,
2006-07-27,1527.84,
2006-07-28,1529.76,
2006-07-31,1531.68,
2006-08-01,1533.36,
2006-08-02,1535.76,
2006-08-03,1533.48,
2006-08-04,1547.28,
2006-08-07,1544.04,
2006-08-08,1540.68,
2006-08-09,1546.56,
2006-08-10,1531.8,
2006-08-11,1530.84,
2006-08-14,1528.2,
2006-08-15,1534.56,
2006-08-16,1543.68,
2006-08-17,1544.4,
2006-08-18,1537.2,
2006-08-21,1549.68,
2006-08-22,1536.48,
2006-08-23,1535.28,
2006-08-24,1531.2,
2006-08-25,1532.04,
2006-08-28,1534.08,
2006-08-29,1532.16,
2006-08-30,1539,
2006-08-31,1535.16,
2006-09-01,1539.96,
2006-09-04,0,
2006-09-05,1537.2,
2006-09-06,1534.44,
2006-09-07,1530.84,
2006-09-08,1520.76,
2006-09-11,1523.88,
2006-09-12,1523.16,
2006-09-13,1524.96,
2006-09-14,1528.32,
2006-09-15,1517.76,
2006-09-18,1520.52,
2006-09-19,1521.96,
2006-09-20,1524.12,
2006-09-21,1527.6,
2006-09-22,1535.52,
2006-09-25,1529.64,
2006-09-26,1522.44,
2006-09-27,1523.88,
2006-09-28,1523.64,
2006-09-29,1522.44,
2006-10-02,1529.28,
2006-10-03,1527.24,
2006-10-04,1522.44,
2006-10-05,1522.44,
2006-10-06,1512,
2006-10-09,0,
2006-10-10,1504.92,
2006-10-11,1505.64,
2006-10-12,1504.44,
2006-10-13,1500.24,
2006-10-16,1502.16,
2006-10-17,1507.68,
2006-10-18,1501.92,
2006-10-19,1511.28,
2006-10-20,1513.56,
2006-10-23,1505.28,
2006-10-24,1507.8,
2006-10-25,1510.92,
2006-10-26,1520.28,
2006-10-27,1527,
2006-10-30,1526.04,
2006-10-31,1532.76,
2006-11-01,1532.52,
2006-11-02,1533.6,
2006-11-03,1524.6,
2006-11-06,1525.8,
2006-11-07,1536.72,
2006-11-08,1533,
2006-11-09,1540.2,
2006-11-10,1543.32,
2006-11-13,1537.2,
2006-11-14,1537.44,
2006-11-15,1536.96,
2006-11-16,1536.96,
2006-11-17,1538.76,
2006-11-20,1537.2,
2006-11-21,1538.88,
2006-11-22,1551.36,
2006-11-23,0,
2006-11-24,1569.72,
2006-11-27,1574.4,
2006-11-28,1579.44,
2006-11-29,1577.52,
2006-11-30,1591.32,
2006-12-01,1597.92,
2006-12-04,1599.24,
2006-12-05,1599.24,
2006-12-06,1596.84,
2006-12-07,1595.52,
2006-12-08,1585.8,
2006-12-11,1586.76,
2006-12-12,1587.96,
2006-12-13,1585.8,
2006-12-14,1580.88,
2006-12-15,1571.4,
2006-12-18,1568.76,
2006-12-19,1583.28,
2006-12-20,1581.96,
2006-12-21,1581,
2006-12-22,1575.72,
2006-12-25,0,
2006-12-26,1575.84,
2006-12-27,1575,
2006-12-28,1578.96,
2006-12-29,1583.64,
2007-01-01,0,
2007-01-02,1594.32,
2007-01-03,1580.28,
2007-01-04,1571.28,
2007-01-05,1560.6,
2007-01-08,1562.76,
2007-01-09,1559.4,
2007-01-10,1552.8,
2007-01-11,1548.48,
2007-01-12,1551.12,
2007-01-15,0,
2007-01-16,1550.16,
2007-01-17,1553.76,
2007-01-18,1553.04,
2007-01-19,1556.16,
2007-01-22,1554.84,
2007-01-23,1563,
2007-01-24,1555.68,
2007-01-25,1557.6,
2007-01-26,1549.08,
2007-01-29,1553.76,
2007-01-30,1554.48,
2007-01-31,1559.76,
2007-02-01,1562.52,
2007-02-02,1555.2,
2007-02-05,1551.96,
2007-02-06,1556.28,
2007-02-07,1562.4,
2007-02-08,1564.08,
2007-02-09,1560.6,
2007-02-12,1555.44,
2007-02-13,1562.88,
2007-02-14,1575.12,
2007-02-15,1576.8,
2007-02-16,1576.44,
2007-02-19,0,
2007-02-20,1576.08,
2007-02-21,1575.12,
2007-02-22,1576.08,
2007-02-23,1579.68,
2007-02-26,1579.08,
2007-02-27,1589.52,
2007-02-28,1587.6,
2007-03-01,1580.76,
2007-03-02,1581.84,
2007-03-05,1571.28,
2007-03-06,1572.96,
2007-03-07,1577.76,
2007-03-08,1575.48,
2007-03-09,1574.16,
2007-03-12,1582.32,
2007-03-13,1583.88,
2007-03-14,1587.24,
2007-03-15,1589.88,
2007-03-16,1596.84,
2007-03-19,1595.88,
2007-03-20,1594.92,
2007-03-21,1596.6,
2007-03-22,1603.08,
2007-03-23,1596.24,
2007-03-26,1600.32,
2007-03-27,1602.84,
2007-03-28,1599.72,
2007-03-29,1600.32,
2007-03-30,1604.88,
2007-04-02,1604.88,
2007-04-03,1603.56,
2007-04-04,1603.68,
2007-04-05,1611.12,
2007-04-06,1605.6,
2007-04-09,1604.04,
2007-04-10,1612.32,
2007-04-11,1612.32,
2007-04-12,1618.08,
2007-04-13,1622.16,
2007-04-16,1626,
2007-04-17,1628.28,
2007-04-18,1628.88,
2007-04-19,1632.6,
2007-04-20,1632.12,
2007-04-23,1629.6,
2007-04-24,1634.64,
2007-04-25,1637.64,
2007-04-26,1630.8,
2007-04-27,1635,
2007-04-30,1639.2,
2007-05-01,1632,
2007-05-02,1631.76,
2007-05-03,1627.92,
2007-05-04,1630.44,
2007-05-07,1633.92,
2007-05-08,1623.84,
2007-05-09,1625.88,
2007-05-10,1621.44,
2007-05-11,1622.28,
2007-05-14,1625.28,
2007-05-15,1632.36,
2007-05-16,1622.64,
2007-05-17,1619.28,
2007-05-18,1621.32,
2007-05-21,1614.84,
2007-05-22,1615.68,
2007-05-23,1617.84,
2007-05-24,1611.48,
2007-05-25,1614.24,
2007-05-28,0,
2007-05-29,1617.96,
2007-05-30,1610.28,
2007-05-31,1614.36,
2007-06-01,1612.8,
2007-06-04,1618.56,
2007-06-05,1623.12,
2007-06-06,1619.04,
2007-06-07,1614.72,
2007-06-08,1603.08,
2007-06-11,1603.08,
2007-06-12,1599,
2007-06-13,1595.4,
2007-06-14,1597.32,
2007-06-15,1603.8,
2007-06-18,1608.12,
2007-06-19,1609.92,
2007-06-20,1611.12,
2007-06-21,1607.88,
2007-06-22,1612.56,
2007-06-25,1614,
2007-06-26,1616.16,
2007-06-27,1611.96,
2007-06-28,1615.92,
2007-06-29,1622.4,
2007-07-02,1635.24,
2007-07-03,1633.8,
2007-07-04,0,
2007-07-05,1631.04,
2007-07-06,1635.12,
2007-07-09,1634.76,
2007-07-10,1645.68,
2007-07-11,1650.84,
2007-07-12,1653.12,
2007-07-13,1654.56,
2007-07-16,1654.2,
2007-07-17,1653.84,
2007-07-18,1656.96,
2007-07-19,1657.32,
2007-07-20,1659.72,
2007-07-23,1658.04,
2007-07-24,1658.88,
2007-07-25,1645.32,
2007-07-26,1647.6,
2007-07-27,1637.64,
2007-07-30,1641.72,
2007-07-31,1645.32,
2007-08-01,1641.84,
2007-08-02,1643.16,
2007-08-03,1654.2,
2007-08-06,1654.68,
2007-08-07,1649.64,
2007-08-08,1656.96,
2007-08-09,1644.12,
2007-08-10,1642.32,
2007-08-13,1634.88,
2007-08-14,1629.72,
2007-08-15,1617.48,
2007-08-16,1608.24,
2007-08-17,1619.04,
2007-08-20,1616.16,
2007-08-21,1617.96,
2007-08-22,1624.2,
2007-08-23,1627.2,
2007-08-24,1637.4,
2007-08-27,1637.4,
2007-08-28,1635.12,
2007-08-29,1641,
2007-08-30,1637.76,
2007-08-31,1636.92,
2007-09-03,1636.92,
2007-09-04,1632.72,
2007-09-05,1640.28,
2007-09-06,1643.64,
2007-09-07,1652.64,
2007-09-10,1655.28,
2007-09-11,1660.44,
2007-09-12,1668.48,
2007-09-13,1666.2,
2007-09-14,1661.76,
2007-09-17,1663.2,
2007-09-18,1664.28,
2007-09-19,1674,
2007-09-20,1691.04,
2007-09-21,1689.12,
2007-09-24,1690.32,
2007-09-25,1695.36,
2007-09-26,1695.12,
2007-09-27,1696.56,
2007-09-28,1706.28,
2007-10-01,1707.48,
2007-10-02,1699.56,
2007-10-03,1696.2,
2007-10-04,1695.36,
2007-10-05,1698.48,
2007-10-08,1698.48,
2007-10-09,1691.04,
2007-10-10,1698.84,
2007-10-11,1707.36,
2007-10-12,1700.16,
2007-10-15,1705.92,
2007-10-16,1699.8,
2007-10-17,1704.96,
2007-10-18,1714.92,
2007-10-19,1711.56,
2007-10-22,1696.56,
2007-10-23,1709.76,
2007-10-24,1708.44,
2007-10-25,1715.88,
2007-10-26,1726.8,
2007-10-29,1728.6,
2007-10-30,1730.88,
2007-10-31,1736.16,
2007-11-01,1732.2,
2007-11-02,1737.72,
2007-11-05,1736.28,
2007-11-06,1746.6,
2007-11-07,1760.04,
2007-11-08,1762.92,
2007-11-09,1759.8,
2007-11-12,0,
2007-11-13,1751.76,
2007-11-14,1760.4,
2007-11-15,1756.68,
2007-11-16,1758.24,
2007-11-19,1758.96,
2007-11-20,1774.44,
2007-11-21,1779.48,
2007-11-22,1779.48,
2007-11-23,1779,
2007-11-26,1783.44,
2007-11-27,1778.04,
2007-11-28,1770,
2007-11-29,1771.92,
2007-11-30,1762.56,
2007-12-03,1758.84,
2007-12-04,1771.08,
2007-12-05,1759.92,
2007-12-06,1756.56,
2007-12-07,1759.68,
2007-12-10,1765.68,
2007-12-11,1764.24,
2007-12-12,1764.24,
2007-12-13,1750.92,
2007-12-14,1731.96,
2007-12-17,1724.28,
2007-12-18,1727.04,
2007-12-19,1721.28,
2007-12-20,1722.36,
2007-12-21,1723.32,
2007-12-24,1729.08,
2007-12-25,0,
2007-12-26,1740,
2007-12-27,1752.12,
2007-12-28,1766.16,
2007-12-31,1752.36,
2008-01-01,0,
2008-01-02,1768.56,
2008-01-03,1768.32,
2008-01-04,1774.32,
2008-01-07,1762.08,
2008-01-08,1766.04,
2008-01-09,1759.56,
2008-01-10,1768.8,
2008-01-11,1774.44,
2008-01-14,1785.24,
2008-01-15,1781.04,
2008-01-16,1757.16,
2008-01-17,1762.8,
2008-01-18,1753.92,
2008-01-21,0,
2008-01-22,1753.08,
2008-01-23,1748.88,
2008-01-24,1768.44,
2008-01-25,1760.76,
2008-01-28,1774.68,
2008-01-29,1772.04,
2008-01-30,1773.84,
2008-01-31,1780.92,
2008-02-01,1782.12,
2008-02-04,1779.84,
2008-02-05,1756.56,
2008-02-06,1757.64,
2008-02-07,1739.4,
2008-02-08,1740.6,
2008-02-11,1740.72,
2008-02-12,1751.04,
2008-02-13,1748.28,
2008-02-14,1756.2,
2008-02-15,1760.88,
2008-02-18,0,
2008-02-19,1769.04,
2008-02-20,1759.56,
2008-02-21,1777.56,
2008-02-22,1779,
2008-02-25,1778.64,
2008-02-26,1786.68,
2008-02-27,1815.84,
2008-02-28,1820.64,
2008-02-29,1822.44,
2008-03-03,1823.4,
2008-03-04,1825.2,
2008-03-05,1833.84,
2008-03-06,1842.72,
2008-03-07,1839.96,
2008-03-10,1844.28,
2008-03-11,1839.48,
2008-03-12,1859.4,
2008-03-13,1870.08,
2008-03-14,1872.48,
2008-03-17,1891.8,
2008-03-18,1894.08,
2008-03-19,1877.04,
2008-03-20,1850.04,
2008-03-21,1853.64,
2008-03-24,1847.28,
2008-03-25,1871.4,
2008-03-26,1891.32,
2008-03-27,1895.76,
2008-03-28,1891.08,
2008-03-31,1896.6,
2008-04-01,1873.8,
2008-04-02,1874.16,
2008-04-03,1880.04,
2008-04-04,1888.2,
2008-04-07,1885.56,
2008-04-08,1884.6,
2008-04-09,1896.48,
2008-04-10,1889.28,
2008-04-11,1895.52,
2008-04-14,1899.24,
2008-04-15,1896.12,
2008-04-16,1917.36,
2008-04-17,1910.88,
2008-04-18,1889.04,
2008-04-21,1905.72,
2008-04-22,1921.2,
2008-04-23,1907.76,
2008-04-24,1880.16,
2008-04-25,1876.08,
2008-04-28,1877.76,
2008-04-29,1872.48,
2008-04-30,1868.16,
2008-05-01,1854.96,
2008-05-02,1851.72,
2008-05-05,1858.92,
2008-05-06,1865.76,
2008-05-07,1844.4,
2008-05-08,1849.08,
2008-05-09,1853.64,
2008-05-12,1864.32,
2008-05-13,1861.08,
2008-05-14,1856.04,
2008-05-15,1859.04,
2008-05-16,1870.92,
2008-05-19,1861.92,
2008-05-20,1880.04,
2008-05-21,1892.64,
2008-05-22,1884.36,
2008-05-23,1894.08,
2008-05-26,0,
2008-05-27,1887.72,
2008-05-28,1875.36,
2008-05-29,1863.24,
2008-05-30,1867.2,
2008-06-02,1866,
2008-06-03,1854.48,
2008-06-04,1854.36,
2008-06-05,1867.2,
2008-06-06,1887.72,
2008-06-09,1886.16,
2008-06-10,1856.76,
2008-06-11,1867.44,
2008-06-12,1850.16,
2008-06-13,1844.16,
2008-06-16,1856.64,
2008-06-17,1862.28,
2008-06-18,1860.24,
2008-06-19,1860.24,
2008-06-20,1875.12,
2008-06-23,1859.04,
2008-06-24,1870.92,
2008-06-25,1868.4,
2008-06-26,1888.56,
2008-06-27,1889.88,
2008-06-30,1889.76,
2008-07-01,1893.36,
2008-07-02,1904.28,
2008-07-03,1884.96,
2008-07-04,0,
2008-07-07,1877.52,
2008-07-08,1878.36,
2008-07-09,1889.28,
2008-07-10,1892.52,
2008-07-11,1907.76,
2008-07-14,1909.68,
2008-07-15,1910.76,
2008-07-16,1901.64,
2008-07-17,1903.32,
2008-07-18,1902.6,
2008-07-21,1905.24,
2008-07-22,1897.32,
2008-07-23,1884.96,
2008-07-24,1878.84,
2008-07-25,1882.44,
2008-07-28,1889.64,
2008-07-29,1870.56,
2008-07-30,1867.08,
2008-07-31,1870.68,
2008-08-01,1868.04,
2008-08-04,1868.28,
2008-08-05,1856.16,
2008-08-06,1849.08,
2008-08-07,1840.92,
2008-08-08,1805.64,
2008-08-11,1794.96,
2008-08-12,1788.6,
2008-08-13,1787.4,
2008-08-14,1782.72,
2008-08-15,1763.4,
2008-08-18,1767.6,
2008-08-19,1769.52,
2008-08-20,1764.12,
2008-08-21,1785,
2008-08-22,1776,
2008-08-25,1776.36,
2008-08-26,1759.2,
2008-08-27,1762.08,
2008-08-28,1762.2,
2008-08-29,1760.28,
2008-09-01,0,
2008-09-02,1742.64,
2008-09-03,1738.68,
2008-09-04,1723.2,
2008-09-05,1712.76,
2008-09-08,1695.12,
2008-09-09,1700.76,
2008-09-10,1682.4,
2008-09-11,1672.68,
2008-09-12,1700.64,
2008-09-15,1701,
2008-09-16,1698.6,
2008-09-17,1705.8,
2008-09-18,1725.84,
2008-09-19,1726.08,
2008-09-22,1763.64,
2008-09-23,1768.44,
2008-09-24,1758.6,
2008-09-25,1757.16,
2008-09-26,1751.52,
2008-09-29,1725.72,
2008-09-30,1689.72,
2008-10-01,1686.96,
2008-10-02,1662.48,
2008-10-03,1657.92,
2008-10-06,1620.96,
2008-10-07,1637.88,
2008-10-08,1641.6,
2008-10-09,1637.52,
2008-10-10,1616.52,
2008-10-13,0,
2008-10-14,1638.96,
2008-10-15,1628.04,
2008-10-16,1609.92,
2008-10-17,1615.44,
2008-10-20,1597.68,
2008-10-21,1572.24,
2008-10-22,1540.2,
2008-10-23,1545.36,
2008-10-24,1516.68,
2008-10-27,1493.52,
2008-10-28,1497.12,
2008-10-29,1542.12,
2008-10-30,1542,
2008-10-31,1521.84,
2008-11-03,1526.28,
2008-11-04,1562.52,
2008-11-05,1564.68,
2008-11-06,1530.72,
2008-11-07,1533.24,
2008-11-10,1531.2,
2008-11-11,0,
2008-11-12,1506.96,
2008-11-13,1503.12,
2008-11-14,1527.72,
2008-11-17,1527.12,
2008-11-18,1522.8,
2008-11-19,1511.4,
2008-11-20,1503,
2008-11-21,1503.72,
2008-11-24,1546.8,
2008-11-25,1563.6,
2008-11-26,1539.36,
2008-11-27,0,
2008-11-28,1523.28,
2008-12-01,1516.08,
2008-12-02,1526.88,
2008-12-03,1520.28,
2008-12-04,1540.8,
2008-12-05,1518.48,
2008-12-08,1553.04,
2008-12-09,1552.44,
2008-12-10,1562.88,
2008-12-11,1595.28,
2008-12-12,1601.88,
2008-12-15,1639.68,
2008-12-16,1657.2,
2008-12-17,1722.96,
2008-12-18,1715.76,
2008-12-19,1665,
2008-12-22,1674.24,
2008-12-23,1675.92,
2008-12-24,1675.68,
2008-12-25,0,
2008-12-26,1687.44,
2008-12-29,1707.84,
2008-12-30,1690.2,
2008-12-31,1670.28,
2009-01-01,0,
2009-01-02,1673.52,
2009-01-05,1629.12,
2009-01-06,1613.4,
2009-01-07,1646.16,
2009-01-08,1645.68,
2009-01-09,1619.4,
2009-01-12,1601.64,
2009-01-13,1583.76,
2009-01-14,1580.88,
2009-01-15,1571.28,
2009-01-16,1589.28,
2009-01-19,0,
2009-01-20,1553.52,
2009-01-21,1544.4,
2009-01-22,1554.6,
2009-01-23,1541.88,
2009-01-26,1574.76,
2009-01-27,1579.08,
2009-01-28,1589.28,
2009-01-29,1558.56,
2009-01-30,1536.48,
2009-02-02,1536.96,
2009-02-03,1561.2,
2009-02-04,1542.84,
2009-02-05,1540.56,
2009-02-06,1544.88,
2009-02-09,1567.68,
2009-02-10,1555.92,
2009-02-11,1547.16,
2009-02-12,1538.64,
2009-02-13,1545.48,
2009-02-16,0,
2009-02-17,1508.52,
2009-02-18,1505.64,
2009-02-19,1521,
2009-02-20,1522.8,
2009-02-23,1529.64,
2009-02-24,1529.04,
2009-02-25,1527.72,
2009-02-26,1531.68,
2009-02-27,1519.44,
2009-03-02,1509.6,
2009-03-03,1505.88,
2009-03-04,1512.84,
2009-03-05,1507.8,
2009-03-06,1520.88,
2009-03-09,1516.32,
2009-03-10,1530.24,
2009-03-11,1532.88,
2009-03-12,1535.88,
2009-03-13,1546.92,
2009-03-16,1559.64,
2009-03-17,1556.64,
2009-03-18,1573.2,
2009-03-19,1647.6,
2009-03-20,1627.92,
2009-03-23,1628.28,
2009-03-24,1622.88,
2009-03-25,1624.68,
2009-03-26,1627.2,
2009-03-27,1596.72,
2009-03-30,1577.52,
2009-03-31,1591.32,
2009-04-01,1586.76,
2009-04-02,1614.96,
2009-04-03,1613.64,
2009-04-06,1603.56,
2009-04-07,1593.84,
2009-04-08,1594.56,
2009-04-09,1577.88,
2009-04-10,1577.16,
2009-04-13,1602.48,
2009-04-14,1593.24,
2009-04-15,1581.84,
2009-04-16,1583.64,
2009-04-17,1563.6,
2009-04-20,1548.36,
2009-04-21,1557.36,
2009-04-22,1561.44,
2009-04-23,1565.76,
2009-04-24,1593.24,
2009-04-27,1576.32,
2009-04-28,1567.32,
2009-04-29,1598.88,
2009-04-30,1589.28,
2009-05-01,1592.04,
2009-05-04,1603.8,
2009-05-05,1605,
2009-05-06,1597.56,
2009-05-07,1609.32,
2009-05-08,1619.28,
2009-05-11,1634.4,
2009-05-12,1636.56,
2009-05-13,1633.44,
2009-05-14,1632.96,
2009-05-15,1624.68,
2009-05-18,1620.36,
2009-05-19,1632.96,
2009-05-20,1651.8,
2009-05-21,1656.48,
2009-05-22,1680.6,
2009-05-25,0,
2009-05-26,1679.04,
2009-05-27,1670.88,
2009-05-28,1673.76,
2009-05-29,1695.12,
2009-06-01,1703.04,
2009-06-02,1712.4,
2009-06-03,1703.28,
2009-06-04,1702.44,
2009-06-05,1678.8,
2009-06-08,1666.08,
2009-06-09,1681.68,
2009-06-10,1677.96,
2009-06-11,1691.16,
2009-06-12,1684.8,
2009-06-15,1654.08,
2009-06-16,1665.36,
2009-06-17,1662,
2009-06-18,1677.36,
2009-06-19,1679.76,
2009-06-22,1661.52,
2009-06-23,1684.2,
2009-06-24,1681.8,
2009-06-25,1674.36,
2009-06-26,1686.72,
2009-06-29,1686.96,
2009-06-30,1682.4,
2009-07-01,1702.32,
2009-07-02,1682.16,
2009-07-03,1678.92,
2009-07-06,1672.56,
2009-07-07,1675.8,
2009-07-08,1662.24,
2009-07-09,1683.12,
2009-07-10,1671.12,
2009-07-13,1676.76,
2009-07-14,1676.52,
2009-07-15,1693.92,
2009-07-16,1693.8,
2009-07-17,1694.4,
2009-07-20,1705.32,
2009-07-21,1703.52,
2009-07-22,1706.4,
2009-07-23,1711.92,
2009-07-24,1705.56,
2009-07-27,1705.44,
2009-07-28,1705.8,
2009-07-29,1683.96,
2009-07-30,1687.92,
2009-07-31,1713.48,
2009-08-03,1729.92,
2009-08-04,1728,
2009-08-05,1726.92,
2009-08-06,1722.84,
2009-08-07,1701.6,
2009-08-10,1697.16,
2009-08-11,1696.92,
2009-08-12,1705.8,
2009-08-13,1713.96,
2009-08-14,1705.92,
2009-08-17,1690.56,
2009-08-18,1689,
2009-08-19,1711.44,
2009-08-20,1708.2,
2009-08-21,1716.6,
2009-08-24,1718.4,
2009-08-25,1722,
2009-08-26,1707.6,
2009-08-27,1712.64,
2009-08-28,1722.96,
2009-08-31,1722.48,
2009-09-01,1708.2,
2009-09-02,1709.52,
2009-09-03,1713.36,
2009-09-04,1713.36,
2009-09-07,0,
2009-09-08,1739.64,
2009-09-09,1748.76,
2009-09-10,1748.16,
2009-09-11,1750.32,
2009-09-14,1753.56,
2009-09-15,1754.04,
2009-09-16,1763.76,
2009-09-17,1768.2,
2009-09-18,1764.48,
2009-09-21,1763.04,
2009-09-22,1775.4,
2009-09-23,1770.24,
2009-09-24,1763.52,
2009-09-25,1761.84,
2009-09-28,1758,
2009-09-29,1746.36,
2009-09-30,1755.6,
2009-10-01,1743.84,
2009-10-02,1750.8,
2009-10-05,1757.64,
2009-10-06,1769.28,
2009-10-07,1761,
2009-10-08,1773.24,
2009-10-09,1765.8,
2009-10-12,0,
2009-10-13,1780.68,
2009-10-14,1787.88,
2009-10-15,1793.4,
2009-10-16,1786.68,
2009-10-19,1793.64,
2009-10-20,1788.6,
2009-10-21,1801.08,
2009-10-22,1800.36,
2009-10-23,1803.48,
2009-10-26,1792.92,
2009-10-27,1778.52,
2009-10-28,1771.56,
2009-10-29,1778.28,
2009-10-30,1770.6,
2009-11-02,1779.36,
2009-11-03,1758.96,
2009-11-04,1780.32,
2009-11-05,1782.84,
2009-11-06,1780.2,
2009-11-09,1799.88,
2009-11-10,1795.2,
2009-11-11,0,
2009-11-12,1783.8,
2009-11-13,1786.32,
2009-11-16,1797.24,
2009-11-17,1779.6,
2009-11-18,1798.8,
2009-11-19,1788.6,
2009-11-20,1784.4,
2009-11-23,1796.16,
2009-11-24,1792.44,
2009-11-25,1810.2,
2009-11-26,0,
2009-11-27,1795.56,
2009-11-30,1799.28,
2009-12-01,1812,
2009-12-02,1807.08,
2009-12-03,1809.72,
2009-12-04,1786.2,
2009-12-07,1778.4,
2009-12-08,1768.92,
2009-12-09,1767,
2009-12-10,1765.92,
2009-12-11,1752.12,
2009-12-14,1757.4,
2009-12-15,1741.68,
2009-12-16,1749.24,
2009-12-17,1718.04,
2009-12-18,1713.72,
2009-12-21,1718.28,
2009-12-22,1709.16,
2009-12-23,1720.92,
2009-12-24,1724.04,
2009-12-25,0,
2009-12-28,1727.04,
2009-12-29,1722.72,
2009-12-30,1717.92,
2009-12-31,1719.84,
2010-01-01,0,
2010-01-04,1730.28,
2010-01-05,1728.24,
2010-01-06,1728.48,
2010-01-07,1717.68,
2010-01-08,1722.84,
2010-01-11,1744.32,
2010-01-12,1742.76,
2010-01-13,1739.04,
2010-01-14,1737.36,
2010-01-15,1725.12,
2010-01-18,0,
2010-01-19,1712.28,
2010-01-20,1691.28,
2010-01-21,1692.72,
2010-01-22,1698.48,
2010-01-25,1697.52,
2010-01-26,1687.56,
2010-01-27,1686.36,
2010-01-28,1679.16,
2010-01-29,1664.4,
2010-02-01,1668.48,
2010-02-02,1674.6,
2010-02-03,1668.84,
2010-02-04,1651.08,
2010-02-05,1632.96,
2010-02-08,1643.88,
2010-02-09,1655.4,
2010-02-10,1646.64,
2010-02-11,1636.8,
2010-02-12,1635,
2010-02-15,0,
2010-02-16,1649.04,
2010-02-17,1634.76,
2010-02-18,1627.56,
2010-02-19,1624.56,
2010-02-22,1630.8,
2010-02-23,1624.44,
2010-02-24,1629.12,
2010-02-25,1617.12,
2010-02-26,1639.2,
2010-03-01,1621.92,
2010-03-02,1627.68,
2010-03-03,1647.72,
2010-03-04,1628.52,
2010-03-05,1632.96,
2010-03-08,1633.56,
2010-03-09,1630.32,
2010-03-10,1638.96,
2010-03-11,1640.88,
2010-03-12,1650.36,
2010-03-15,1638.24,
2010-03-16,1650.96,
2010-03-17,1648.68,
2010-03-18,1632.36,
2010-03-19,1623.6,
2010-03-22,1623.72,
2010-03-23,1624.2,
2010-03-24,1601.64,
2010-03-25,1601.28,
2010-03-26,1607.76,
2010-03-29,1615.8,
2010-03-30,1609.08,
2010-03-31,1623.12,
2010-04-01,1628.28,
2010-04-02,1618.44,
2010-04-05,1618.32,
2010-04-06,1605.36,
2010-04-07,1603.68,
2010-04-08,1603.2,
2010-04-09,1616.16,
2010-04-12,1630.44,
2010-04-13,1631.04,
2010-04-14,1639.92,
2010-04-15,1624.8,
2010-04-16,1618.44,
2010-04-19,1614.96,
2010-04-20,1613.52,
2010-04-21,1605.96,
2010-04-22,1595.76,
2010-04-23,1603.2,
2010-04-26,1600.32,
2010-04-27,1587.6,
2010-04-28,1575.6,
2010-04-29,1589.16,
2010-04-30,1596.24,
2010-05-03,1581.96,
2010-05-04,1564.44,
2010-05-05,1546.8,
2010-05-06,1522.68,
2010-05-07,1526.52,
2010-05-10,1543.32,
2010-05-11,1525.8,
2010-05-12,1517.04,
2010-05-13,1508.16,
2010-05-14,1486.8,
2010-05-17,1475.88,
2010-05-18,1482.96,
2010-05-19,1478.04,
2010-05-20,1484.4,
2010-05-21,1509,
2010-05-24,1488.72,
2010-05-25,1473.48,
2010-05-26,1466.88,
2010-05-27,1484.4,
2010-05-28,1484.28,
2010-05-31,0,
2010-06-01,1471.92,
2010-06-02,1464.72,
2010-06-03,1463.16,
2010-06-04,1439.76,
2010-06-07,1435.08,
2010-06-08,1439.4,
2010-06-09,1445.4,
2010-06-10,1453.32,
2010-06-11,1449.24,
2010-06-14,1473.24,
2010-06-15,1479.24,
2010-06-16,1478.76,
2010-06-17,1483.8,
2010-06-18,1483.2,
2010-06-21,1486.2,
2010-06-22,1476.36,
2010-06-23,1477.2,
2010-06-24,1474.56,
2010-06-25,1479.84,
2010-06-28,1477.92,
2010-06-29,1462.44,
2010-06-30,1474.92,
2010-07-01,1495.68,
2010-07-02,1509.24,
2010-07-05,0,
2010-07-06,1517.52,
2010-07-07,1511.28,
2010-07-08,1521.96,
2010-07-09,1516.68,
2010-07-12,1508.76,
2010-07-13,1526.28,
2010-07-14,1530.6,
2010-07-15,1547.16,
2010-07-16,1550.28,
2010-07-19,1555.56,
2010-07-20,1548.6,
2010-07-21,1538.16,
2010-07-22,1548.36,
2010-07-23,1544.88,
2010-07-26,1557.96,
2010-07-27,1557.96,
2010-07-28,1559.76,
2010-07-29,1567.68,
2010-07-30,1568.28,
2010-08-02,1580.88,
2010-08-03,1588.68,
2010-08-04,1578.96,
2010-08-05,1578.84,
2010-08-06,1593.84,
2010-08-09,1588.92,
2010-08-10,1571.4,
2010-08-11,1547.88,
2010-08-12,1543.92,
2010-08-13,1532.04,
2010-08-16,1540.56,
2010-08-17,1546.8,
2010-08-18,1544.64,
2010-08-19,1540.44,
2010-08-20,1522.44,
2010-08-23,1519.56,
2010-08-24,1521,
2010-08-25,1518.24,
2010-08-26,1526.04,
2010-08-27,1531.8,
2010-08-30,1522.32,
2010-08-31,1524.48,
2010-09-01,1537.56,
2010-09-02,1538.88,
2010-09-03,1546.2,
2010-09-06,0,
2010-09-07,1526.76,
2010-09-08,1527.24,
2010-09-09,1524.96,
2010-09-10,1527.72,
2010-09-13,1546.8,
2010-09-14,1561.68,
2010-09-15,1560.96,
2010-09-16,1569.48,
2010-09-17,1565.52,
2010-09-20,1568.88,
2010-09-21,1576.32,
2010-09-22,1606.2,
2010-09-23,1601.28,
2010-09-24,1617.12,
2010-09-27,1617,
2010-09-28,1629.96,
2010-09-29,1636.56,
2010-09-30,1632.12,
2010-10-01,1650.48,
2010-10-04,1642.56,
2010-10-05,1660.08,
2010-10-06,1670.88,
2010-10-07,1670.52,
2010-10-08,1670.76,
2010-10-11,0,
2010-10-12,1661.52,
2010-10-13,1675.68,
2010-10-14,1687.92,
2010-10-15,1679.76,
2010-10-18,1677.36,
2010-10-19,1659.24,
2010-10-20,1673.88,
2010-10-21,1676.76,
2010-10-22,1668.48,
2010-10-25,1678.32,
2010-10-26,1664.76,
2010-10-27,1654.56,
2010-10-28,1671.48,
2010-10-29,1667.28,
2010-11-01,1666.56,
2010-11-02,1683.12,
2010-11-03,1681.68,
2010-11-04,1706.88,
2010-11-05,1683.96,
2010-11-08,1671.24,
2010-11-09,1663.8,
2010-11-10,1647.36,
2010-11-11,0,
2010-11-12,1644,
2010-11-15,1633.8,
2010-11-16,1622.04,
2010-11-17,1626.6,
2010-11-18,1634.16,
2010-11-19,1638.48,
2010-11-22,1633.44,
2010-11-23,1606.56,
2010-11-24,1602,
2010-11-25,0,
2010-11-26,1589.16,
2010-11-29,1571.04,
2010-11-30,1564.32,
2010-12-01,1577.88,
2010-12-02,1587.36,
2010-12-03,1604.04,
2010-12-06,1593,
2010-12-07,1598.76,
2010-12-08,1589.04,
2010-12-09,1584.72,
2010-12-10,1589.04,
2010-12-13,1606.68,
2010-12-14,1607.4,
2010-12-15,1596.72,
2010-12-16,1584.72,
2010-12-17,1578.6,
2010-12-20,1574.88,
2010-12-21,1575.72,
2010-12-22,1570.68,
2010-12-23,1572.12,
2010-12-24,0,
2010-12-27,1577.52,
2010-12-28,1574.64,
2010-12-29,1581.96,
2010-12-30,1592.28,
2010-12-31,0,
2011-01-03,1604.52,
2011-01-04,1596.72,
2011-01-05,1580.52,
2011-01-06,1563.24,
2011-01-07,1553.28,
2011-01-10,1553.4,
2011-01-11,1557.36,
2011-01-12,1567.92,
2011-01-13,1603.68,
2011-01-14,1599.36,
2011-01-17,0,
2011-01-18,1607.88,
2011-01-19,1619.4,
2011-01-20,1613.16,
2011-01-21,1629.72,
2011-01-24,1638.36,
2011-01-25,1637.28,
2011-01-26,1642.56,
2011-01-27,1642.56,
2011-01-28,1632.84,
2011-01-31,1645.8,
2011-02-01,1655.16,
2011-02-02,1653.48,
2011-02-03,1638.48,
2011-02-04,1630.08,
2011-02-07,1626.84,
2011-02-08,1642.44,
2011-02-09,1642.56,
2011-02-10,1636.44,
2011-02-11,1622.4,
2011-02-14,1616.88,
2011-02-15,1619.28,
2011-02-16,1625.64,
2011-02-17,1633.44,
2011-02-18,1640.76,
2011-02-21,0,
2011-02-22,1639.32,
2011-02-23,1650.96,
2011-02-24,1655.28,
2011-02-25,1650.84,
2011-02-28,1655.16,
2011-03-01,1657.56,
2011-03-02,1664.28,
2011-03-03,1673.64,
2011-03-04,1677.96,
2011-03-07,1677.12,
2011-03-08,1669.44,
2011-03-09,1668.72,
2011-03-10,1658.76,
2011-03-11,1663.68,
2011-03-14,1677,
2011-03-15,1676.16,
2011-03-16,1670.64,
2011-03-17,1682.52,
2011-03-18,1696.92,
2011-03-21,1702.08,
2011-03-22,1705.44,
2011-03-23,1694.88,
2011-03-24,1704,
2011-03-25,1697.28,
2011-03-28,1692.48,
2011-03-29,1690.8,
2011-03-30,1691.4,
2011-03-31,1701.96,
2011-04-01,1705.8,
2011-04-04,1706.52,
2011-04-05,1707.6,
2011-04-06,1719.96,
2011-04-07,1714.44,
2011-04-08,1732.44,
2011-04-11,1734.48,
2011-04-12,1734.6,
2011-04-13,1737.24,
2011-04-14,1735.68,
2011-04-15,1733.16,
2011-04-18,1705.32,
2011-04-19,1718.28,
2011-04-20,1741.56,
2011-04-21,1750.2,
2011-04-22,1745.4,
2011-04-25,1749.12,
2011-04-26,1755,
2011-04-27,1759.08,
2011-04-28,1774.2,
2011-04-29,1778.52,
2011-05-02,1784.4,
2011-05-03,1785,
2011-05-04,1783.08,
2011-05-05,1749.96,
2011-05-06,1739.4,
2011-05-09,1716.12,
2011-05-10,1722.96,
2011-05-11,1712.28,
2011-05-12,1707.48,
2011-05-13,1696.92,
2011-05-16,1706.28,
2011-05-17,1698.6,
2011-05-18,1712.4,
2011-05-19,1710.48,
2011-05-20,1700.64,
2011-05-23,1681.8,
2011-05-24,1692.84,
2011-05-25,1692.24,
2011-05-26,1690.56,
2011-05-27,1714.44,
2011-05-30,0,
2011-05-31,1725.12,
2011-06-01,1731.72,
2011-06-02,1731.12,
2011-06-03,1752.48,
2011-06-06,1754.4,
2011-06-07,1761,
2011-06-08,1750.44,
2011-06-09,1744.08,
2011-06-10,1723.8,
2011-06-13,1724.16,
2011-06-14,1736.76,
2011-06-15,1706.52,
2011-06-16,1698.6,
2011-06-17,1719.12,
2011-06-20,1718.4,
2011-06-21,1727.88,
2011-06-22,1728.36,
2011-06-23,1699.92,
2011-06-24,1702.68,
2011-06-27,1713.84,
2011-06-28,1724.16,
2011-06-29,1731.36,
2011-06-30,1742.76,
2011-07-01,1740.96,
2011-07-04,0,
2011-07-05,1736.4,
2011-07-06,1719.48,
2011-07-07,1721.88,
2011-07-08,1710.12,
2011-07-11,1684.08,
2011-07-12,1681.68,
2011-07-13,1700.04,
2011-07-14,1701.84,
2011-07-15,1698.72,
2011-07-18,1685.04,
2011-07-19,1698.72,
2011-07-20,1702.56,
2011-07-21,1724.64,
2011-07-22,1723.92,
2011-07-25,1722.84,
2011-07-26,1739.4,
2011-07-27,1724.76,
2011-07-28,1716.36,
2011-07-29,1726.56,
2011-08-01,1704.24,
2011-08-02,1707.84,
2011-08-03,1718.4,
2011-08-04,1698.96,
2011-08-05,1698.96,
2011-08-08,1708.92,
2011-08-09,1709.04,
2011-08-10,1703.16,
2011-08-11,1707.6,
2011-08-12,1708.68,
2011-08-15,1734.24,
2011-08-16,1730.52,
2011-08-17,1732.32,
2011-08-18,1718.4,
2011-08-19,1728.96,
2011-08-22,1726.08,
2011-08-23,1731.72,
2011-08-24,1728.24,
2011-08-25,1725.6,
2011-08-26,1735.56,
2011-08-29,1741.2,
2011-08-30,1732.2,
2011-08-31,1728.72,
2011-09-01,1713.96,
2011-09-02,1704.36,
2011-09-05,0,
2011-09-06,1679.88,
2011-09-07,1686.96,
2011-09-08,1673.64,
2011-09-09,1639.92,
2011-09-12,1636.2,
2011-09-13,1641.6,
2011-09-14,1645.2,
2011-09-15,1662.96,
2011-09-16,1653.96,
2011-09-19,1636.32,
2011-09-20,1643.64,
2011-09-21,1646.88,
2011-09-22,1613.52,
2011-09-23,1622.16,
2011-09-26,1621.92,
2011-09-27,1632.72,
2011-09-28,1635.36,
2011-09-29,1636.68,
2011-09-30,1613.88,
2011-10-03,1593.72,
2011-10-04,1595.28,
2011-10-05,1599.36,
2011-10-06,1608.96,
2011-10-07,1621.44,
2011-10-10,0,
2011-10-11,1638.84,
2011-10-12,1656.6,
2011-10-13,1647.6,
2011-10-14,1663.32,
2011-10-17,1652.4,
2011-10-18,1646.28,
2011-10-19,1653,
2011-10-20,1640.64,
2011-10-21,1664.76,
2011-10-24,1671.84,
2011-10-25,1669.32,
2011-10-26,1660.56,
2011-10-27,1700.64,
2011-10-28,1699.68,
2011-10-31,1673.64,
2011-11-01,1641.12,
2011-11-02,1656.36,
2011-11-03,1649.28,
2011-11-04,1651.32,
2011-11-07,1649.28,
2011-11-08,1654.2,
2011-11-09,1631.52,
2011-11-10,1632,
2011-11-11,0,
2011-11-14,1635,
2011-11-15,1622.88,
2011-11-16,1620.6,
2011-11-17,1622.64,
2011-11-18,1622.52,
2011-11-21,1623,
2011-11-22,1620,
2011-11-23,1601.64,
2011-11-24,0,
2011-11-25,1589.28,
2011-11-28,1600.08,
2011-11-29,1601.16,
2011-11-30,1614.36,
2011-12-01,1618.44,
2011-12-02,1606.32,
2011-12-05,1615.56,
2011-12-06,1607.64,
2011-12-07,1606.32,
2011-12-08,1598.88,
2011-12-09,1604.16,
2011-12-12,1582.56,
2011-12-13,1571.28,
2011-12-14,1556.64,
2011-12-15,1561.56,
2011-12-16,1563,
2011-12-19,1562.04,
2011-12-20,1569.12,
2011-12-21,1564.8,
2011-12-22,1565.4,
2011-12-23,1564.8,
2011-12-26,0,
2011-12-27,1568.88,
2011-12-28,1551.12,
2011-12-29,1554.24,
2011-12-30,1556.76,
2012-01-02,0,
2012-01-03,1567.32,
2012-01-04,1551.6,
2012-01-05,1533.96,
2012-01-06,1526.76,
2012-01-09,1529.4,
2012-01-10,1533.84,
2012-01-11,1522.32,
2012-01-12,1538.16,
2012-01-13,1521.84,
2012-01-16,0,
2012-01-17,1528.8,
2012-01-18,1539,
2012-01-19,1552.44,
2012-01-20,1553.76,
2012-01-23,1564.2,
2012-01-24,1560.48,
2012-01-25,1557.36,
2012-01-26,1578.24,
2012-01-27,1583.04,
2012-01-30,1574.76,
2012-01-31,1566.36,
2012-02-01,1581.48,
2012-02-02,1580.04,
2012-02-03,1572.72,
2012-02-06,1575.6,
2012-02-07,1589.28,
2012-02-08,1590.36,
2012-02-09,1595.64,
2012-02-10,1582.44,
2012-02-13,1585.32,
2012-02-14,1577.88,
2012-02-15,1570.44,
2012-02-16,1573.2,
2012-02-17,1577.88,
2012-02-20,0,
2012-02-21,1590.6,
2012-02-22,1590.12,
2012-02-23,1596.96,
2012-02-24,1615.56,
2012-02-27,1609.2,
2012-02-28,1614.24,
2012-02-29,1603.08,
2012-03-01,1598.4,
2012-03-02,1584.24,
2012-03-05,1587.12,
2012-03-06,1573.68,
2012-03-07,1577.88,
2012-03-08,1590.72,
2012-03-09,1572.96,
2012-03-12,1576.92,
2012-03-13,1573.08,
2012-03-14,1563,
2012-03-15,1568.4,
2012-03-16,1580.52,
2012-03-19,1589.04,
2012-03-20,1586.64,
2012-03-21,1582.8,
2012-03-22,1583.28,
2012-03-23,1591.56,
2012-03-26,1599.36,
2012-03-27,1600.32,
2012-03-28,1596,
2012-03-29,1591.8,
2012-03-30,1600.08,
2012-04-02,1599,
2012-04-03,1600.44,
2012-04-04,1575.12,
2012-04-05,1567.68,
2012-04-06,1570.68,
2012-04-09,1570.44,
2012-04-10,1568.16,
2012-04-11,1572.48,
2012-04-12,1580.52,
2012-04-13,1569.84,
2012-04-16,1568.04,
2012-04-17,1574.76,
2012-04-18,1574.64,
2012-04-19,1575.84,
2012-04-20,1585.44,
2012-04-23,1575.48,
2012-04-24,1584.84,
2012-04-25,1585.2,
2012-04-26,1587.84,
2012-04-27,1589.76,
2012-04-30,1587.48,
2012-05-01,1587.12,
2012-05-02,1578.48,
2012-05-03,1577.64,
2012-05-04,1570.92,
2012-05-07,1566.24,
2012-05-08,1561.8,
2012-05-09,1554.48,
2012-05-10,1555.08,
2012-05-11,1552.44,
2012-05-14,1541.64,
2012-05-15,1532.28,
2012-05-16,1527.6,
2012-05-17,1525.08,
2012-05-18,1526.52,
2012-05-21,1532.28,
2012-05-22,1528.2,
2012-05-23,1508.28,
2012-05-24,1509.96,
2012-05-25,1502.16,
2012-05-28,0,
2012-05-29,1498.56,
2012-05-30,1488.6,
2012-05-31,1483.68,
2012-06-01,1490.4,
2012-06-04,1499.4,
2012-06-05,1492.44,
2012-06-06,1504.2,
2012-06-07,1508.16,
2012-06-08,1497.84,
2012-06-11,1500.48,
2012-06-12,1497.24,
2012-06-13,1511.52,
2012-06-14,1512.96,
2012-06-15,1515.96,
2012-06-18,1509.36,
2012-06-19,1523.04,
2012-06-20,1524.36,
2012-06-21,1510.32,
2012-06-22,1505.4,
2012-06-25,1497.6,
2012-06-26,1496.52,
2012-06-27,1494.84,
2012-06-28,1491.96,
2012-06-29,1520.16,
2012-07-02,1510.08,
2012-07-03,1514.4,
2012-07-04,0,
2012-07-05,1486.08,
2012-07-06,1473.96,
2012-07-09,1475.88,
2012-07-10,1470.6,
2012-07-11,1469.28,
2012-07-12,1463.88,
2012-07-13,1467.84,
2012-07-16,1472.04,
2012-07-17,1468.08,
2012-07-18,1471.32,
2012-07-19,1470.84,
2012-07-20,1461.12,
2012-07-23,1455.12,
2012-07-24,1447.44,
2012-07-25,1455.84,
2012-07-26,1473.6,
2012-07-27,1484.4,
2012-07-30,1470,
2012-07-31,1477.8,
2012-08-01,1475.88,
2012-08-02,1457.88,
2012-08-03,1486.8,
2012-08-06,1490.64,
2012-08-07,1490.64,
2012-08-08,1483.68,
2012-08-09,1473.36,
2012-08-10,1475.76,
2012-08-13,1480.68,
2012-08-14,1479.48,
2012-08-15,1474.56,
2012-08-16,1482.72,
2012-08-17,1477.8,
2012-08-20,1481.16,
2012-08-21,1496.64,
2012-08-22,1496.64,
2012-08-23,1509.96,
2012-08-24,1503.96,
2012-08-27,1501.68,
2012-08-28,1507.68,
2012-08-29,1504.56,
2012-08-30,1499.64,
2012-08-31,1509.36,
2012-09-03,0,
2012-09-04,1507.92,
2012-09-05,1512.36,
2012-09-06,1515.12,
2012-09-07,1535.52,
2012-09-10,1535.4,
2012-09-11,1542.96,
2012-09-12,1547.28,
2012-09-13,1549.44,
2012-09-14,1577.04,
2012-09-17,1575,
2012-09-18,1566.12,
2012-09-19,1567.8,
2012-09-20,1553.76,
2012-09-21,1558.8,
2012-09-24,1549.08,
2012-09-25,1553.4,
2012-09-26,1542.24,
2012-09-27,1544.88,
2012-09-28,1542.72,
2012-10-01,1548,
2012-10-02,1554.12,
2012-10-03,1549.08,
2012-10-04,1560.12,
2012-10-05,1567.08,
2012-10-08,0,
2012-10-09,1545.12,
2012-10-10,1546.56,
2012-10-11,1551.36,
2012-10-12,1553.52,
2012-10-15,1554,
2012-10-16,1564.32,
2012-10-17,1575.96,
2012-10-18,1572.72,
2012-10-19,1562.64,
2012-10-22,1567.56,
2012-10-23,1556.52,
2012-10-24,1553.52,
2012-10-25,1554.96,
2012-10-26,1552.56,
2012-10-29,1548.72,
2012-10-30,1557.48,
2012-10-31,1554.96,
2012-11-01,1552.44,
2012-11-02,1541.76,
2012-11-05,1534.8,
2012-11-06,1538.16,
2012-11-07,1531.08,
2012-11-08,1528.8,
2012-11-09,1525.8,
2012-11-12,0,
2012-11-13,1525.92,
2012-11-14,1528.8,
2012-11-15,1533.96,
2012-11-16,1525.8,
2012-11-19,1536.72,
2012-11-20,1537.68,
2012-11-21,1537.92,
2012-11-22,0,
2012-11-23,1555.08,
2012-11-26,1555.92,
2012-11-27,1552.8,
2012-11-28,1550.76,
2012-11-29,1554.36,
2012-11-30,1561.2,
2012-12-03,1567.92,
2012-12-04,1569.72,
2012-12-05,1569.24,
2012-12-06,1556.16,
2012-12-07,1553.04,
2012-12-10,1551.6,
2012-12-11,1559.04,
2012-12-12,1564.56,
2012-12-13,1569.24,
2012-12-14,1576.08,
2012-12-17,1580.28,
2012-12-18,1586.88,
2012-12-19,1591.2,
2012-12-20,1586.88,
2012-12-21,1579.92,
2012-12-24,1581.48,
2012-12-25,0,
2012-12-26,1587.36,
2012-12-27,1587.36,
2012-12-28,1586.4,
2012-12-31,1582.32,
2013-01-01,0,
2013-01-02,1583.4,
2013-01-03,1573.2,
2013-01-04,1565.64,
2013-01-07,1571.88,
2013-01-08,1568.16,
2013-01-09,1569.36,
2013-01-10,1586.4,
2013-01-11,1602.36,
2013-01-14,1604.28,
2013-01-15,1601.04,
2013-01-16,1596.6,
2013-01-17,1602.72,
2013-01-18,1596.36,
2013-01-21,0,
2013-01-22,1596.48,
2013-01-23,1596.96,
2013-01-24,1605.36,
2013-01-25,1614.72,
2013-01-28,1615.08,
2013-01-29,1618.08,
2013-01-30,1627.68,
2013-01-31,1630.08,
2013-02-01,1643.04,
2013-02-04,1623.24,
2013-02-05,1628.28,
2013-02-06,1623.36,
2013-02-07,1605.84,
2013-02-08,1603.92,
2013-02-11,1609.68,
2013-02-12,1614,
2013-02-13,1613.76,
2013-02-14,1600.08,
2013-02-15,1603.44,
2013-02-18,0,
2013-02-19,1606.44,
2013-02-20,1602,
2013-02-21,1584.48,
2013-02-22,1579.92,
2013-02-25,1580.64,
2013-02-26,1566.48,
2013-02-27,1572.48,
2013-02-28,1569.48,
2013-03-01,1558.56,
2013-03-04,1559.52,
2013-03-05,1562.28,
2013-03-06,1558.8,
2013-03-07,1571.76,
2013-03-08,1559.04,
2013-03-11,1561.68,
2013-03-12,1562.76,
2013-03-13,1553.88,
2013-03-14,1556.88,
2013-03-15,1569.12,
2013-03-18,1554.72,
2013-03-19,1546.56,
2013-03-20,1554,
2013-03-21,1551.36,
2013-03-22,1559.52,
2013-03-25,1545.72,
2013-03-26,1542.96,
2013-03-27,1533.84,
2013-03-28,1541.04,
2013-03-29,1537.92,
2013-04-01,1542.84,
2013-04-02,1540.32,
2013-04-03,1541.64,
2013-04-04,1542.48,
2013-04-05,1563.24,
2013-04-08,1560.96,
2013-04-09,1571.04,
2013-04-10,1567.2,
2013-04-11,1574.88,
2013-04-12,1571.28,
2013-04-15,1569.84,
2013-04-16,1576.92,
2013-04-17,1565.88,
2013-04-18,1568.64,
2013-04-19,1567.92,
2013-04-22,1566,
2013-04-23,1561.44,
2013-04-24,1559.64,
2013-04-25,1560.48,
2013-04-26,1562.88,
2013-04-29,1570.8,
2013-04-30,1580.16,
2013-05-01,1583.04,
2013-05-02,1567.92,
2013-05-03,1573.44,
2013-05-06,1568.04,
2013-05-07,1570.2,
2013-05-08,1581.24,
2013-05-09,1572.6,
2013-05-10,1554.6,
2013-05-13,1557.72,
2013-05-14,1556.28,
2013-05-15,1542.84,
2013-05-16,1547.76,
2013-05-17,1538.16,
2013-05-20,1543.8,
2013-05-21,1549.2,
2013-05-22,1543.68,
2013-05-23,1553.28,
2013-05-24,1550.4,
2013-05-27,0,
2013-05-28,1544.4,
2013-05-29,1553.28,
2013-05-30,1565.04,
2013-05-31,1558.56,
2013-06-03,1571.76,
2013-06-04,1569,
2013-06-05,1570.56,
2013-06-06,1589.76,
2013-06-07,1589.04,
2013-06-10,1588.08,
2013-06-11,1593.36,
2013-06-12,1602.48,
2013-06-13,1597.68,
2013-06-14,1599.6,
2013-06-17,1600.92,
2013-06-18,1608.84,
2013-06-19,1608.48,
2013-06-20,1585.68,
2013-06-21,1573.56,
2013-06-24,1570.92,
2013-06-25,1569.6,
2013-06-26,1560.72,
2013-06-27,1561.92,
2013-06-28,1561.2,
2013-07-01,1567.2,
2013-07-02,1562.04,
2013-07-03,1560.6,
2013-07-04,0,
2013-07-05,1539.72,
2013-07-08,1543.56,
2013-07-09,1532.88,
2013-07-10,1541.52,
2013-07-11,1565.52,
2013-07-12,1565.76,
2013-07-15,1564.68,
2013-07-16,1577.28,
2013-07-17,1571.28,
2013-07-18,1569.36,
2013-07-19,1577.04,
2013-07-22,1583.16,
2013-07-23,1585.44,
2013-07-24,1587.36,
2013-07-25,1588.08,
2013-07-26,1592.28,
2013-07-29,1591.44,
2013-07-30,1591.92,
2013-07-31,1593.84,
2013-08-01,1586.04,
2013-08-02,1592.16,
2013-08-05,1590.84,
2013-08-06,1595.52,
2013-08-07,1599.48,
2013-08-08,1607.04,
2013-08-09,1600.56,
2013-08-12,1597.44,
2013-08-13,1589.64,
2013-08-14,1590.72,
2013-08-15,1591.56,
2013-08-16,1598.52,
2013-08-19,1601.76,
2013-08-20,1611.12,
2013-08-21,1604.16,
2013-08-22,1603.44,
2013-08-23,1607.04,
2013-08-26,1604.28,
2013-08-27,1606.44,
2013-08-28,1599.12,
2013-08-29,1587.36,
2013-08-30,1583.52,
2013-09-02,0,
2013-09-03,1579.68,
2013-09-04,1585.44,
2013-09-05,1574.4,
2013-09-06,1579.92,
2013-09-09,1591.2,
2013-09-10,1591.2,
2013-09-11,1596.12,
2013-09-12,1597.8,
2013-09-13,1593.12,
2013-09-16,1602,
2013-09-17,1602.84,
2013-09-18,1602.12,
2013-09-19,1623.24,
2013-09-20,1622.64,
2013-09-23,1622.4,
2013-09-24,1618.8,
2013-09-25,1624.32,
2013-09-26,1618.08,
2013-09-27,1624.44,
2013-09-30,1624.2,
2013-10-01,1624.08,
2013-10-02,1631.04,
2013-10-03,1637.04,
2013-10-04,1629.84,
2013-10-07,1628.28,
2013-10-08,1629.84,
2013-10-09,1621.56,
2013-10-10,1624.2,
2013-10-11,1627.08,
2013-10-14,0,
2013-10-15,1619.28,
2013-10-16,1618.8,
2013-10-17,1639.68,
2013-10-18,1643.16,
2013-10-21,1640.64,
2013-10-22,1653.36,
2013-10-23,1654.32,
2013-10-24,1657.2,
2013-10-25,1655.28,
2013-10-28,1654.32,
2013-10-29,1652.4,
2013-10-30,1652.52,
2013-10-31,1631.28,
2013-11-01,1618.56,
2013-11-04,1621.92,
2013-11-05,1616.4,
2013-11-06,1623.6,
2013-11-07,1606.8,
2013-11-08,1602.84,
2013-11-11,0,
2013-11-12,1611.36,
2013-11-13,1614.72,
2013-11-14,1616.16,
2013-11-15,1617.6,
2013-11-18,1622.4,
2013-11-19,1623.48,
2013-11-20,1614.12,
2013-11-21,1616.4,
2013-11-22,1625.64,
2013-11-25,1620.24,
2013-11-26,1626.6,
2013-11-27,1627.56,
2013-11-28,0,
2013-11-29,1632.72,
2013-12-02,1626.24,
2013-12-03,1632.48,
2013-12-04,1626.6,
2013-12-05,1639.68,
2013-12-06,1642.8,
2013-12-09,1647.12,
2013-12-10,1651.8,
2013-12-11,1655.76,
2013-12-12,1650.24,
2013-12-13,1646.88,
2013-12-16,1650.84,
2013-12-17,1649.76,
2013-12-18,1651.92,
2013-12-19,1639.92,
2013-12-20,1640.76,
2013-12-23,1644.12,
2013-12-24,1641.12,
2013-12-25,0,
2013-12-26,1642.8,
2013-12-27,1651.92,
2013-12-30,1657.92,
2013-12-31,1653.48,
2014-01-01,0,
2014-01-02,1640.4,
2014-01-03,1632.72,
2014-01-06,1636.32,
2014-01-07,1634.16,
2014-01-08,1630.32,
2014-01-09,1630.92,
2014-01-10,1639.68,
2014-01-13,1637.64,
2014-01-14,1641.84,
2014-01-15,1632.48,
2014-01-16,1632,
2014-01-17,1626.48,
2014-01-20,0,
2014-01-21,1627.2,
2014-01-22,1625.52,
2014-01-23,1641.6,
2014-01-24,1641.6,
2014-01-27,1641.48,
2014-01-28,1639.44,
2014-01-29,1639.56,
2014-01-30,1625.88,
2014-01-31,1620,
2014-02-03,1622.76,
2014-02-04,1620.84,
2014-02-05,1622.28,
2014-02-06,1632.48,
2014-02-07,1633.68,
2014-02-10,1637.28,
2014-02-11,1638.48,
2014-02-12,1631.04,
2014-02-13,1640.28,
2014-02-14,1642.8,
2014-02-17,0,
2014-02-18,1650.96,
2014-02-19,1651.44,
2014-02-20,1642.8,
2014-02-21,1646.64,
2014-02-24,1649.28,
2014-02-25,1649.88,
2014-02-26,1640.16,
2014-02-27,1646.88,
2014-02-28,1656.72,
2014-03-03,1651.56,
2014-03-04,1647.72,
2014-03-05,1648.08,
2014-03-06,1661.76,
2014-03-07,1664.16,
2014-03-10,1665.6,
2014-03-11,1664.04,
2014-03-12,1668.48,
2014-03-13,1671.24,
2014-03-14,1670.88,
2014-03-17,1671.24,
2014-03-18,1669.56,
2014-03-19,1669.2,
2014-03-20,1654.08,
2014-03-21,1653.96,
2014-03-24,1654.08,
2014-03-25,1653.24,
2014-03-26,1654.32,
2014-03-27,1650.24,
2014-03-28,1650.36,
2014-03-31,1653.24,
2014-04-01,1656.48,
2014-04-02,1651.32,
2014-04-03,1644.96,
2014-04-04,1644.48,
2014-04-07,1649.4,
2014-04-08,1656.24,
2014-04-09,1657.92,
2014-04-10,1667.04,
2014-04-11,1667.76,
2014-04-14,1658.88,
2014-04-15,1656.72,
2014-04-16,1658.4,
2014-04-17,1659.84,
2014-04-18,1657.92,
2014-04-21,1654.8,
2014-04-22,1656.48,
2014-04-23,1657.68,
2014-04-24,1659.36,
2014-04-25,1660.56,
2014-04-28,1661.28,
2014-04-29,1656.96,
2014-04-30,1664.4,
2014-05-01,1664.04,
2014-05-02,1663.68,
2014-05-05,1666.08,
2014-05-06,1670.88,
2014-05-07,1670.04,
2014-05-08,1663.68,
2014-05-09,1651.56,
2014-05-12,1651.2,
2014-05-13,1645.32,
2014-05-14,1646.16,
2014-05-15,1645.44,
2014-05-16,1644.96,
2014-05-19,1645.92,
2014-05-20,1644.24,
2014-05-21,1638.84,
2014-05-22,1638.24,
2014-05-23,1635.36,
2014-05-26,0,
2014-05-27,1634.16,
2014-05-28,1631.52,
2014-05-29,1632.96,
2014-05-30,1636.8,
2014-06-02,1632.72,
2014-06-03,1634.88,
2014-06-04,1634.28,
2014-06-05,1634.16,
2014-06-06,1636.68,
2014-06-09,1630.68,
2014-06-10,1625.16,
2014-06-11,1623.84,
2014-06-12,1626.72,
2014-06-13,1622.64,
2014-06-16,1629.36,
2014-06-17,1625.16,
2014-06-18,1628.04,
2014-06-19,1634.4,
2014-06-20,1630.32,
2014-06-23,1631.16,
2014-06-24,1630.56,
2014-06-25,1636.56,
2014-06-26,1633.2,
2014-06-27,1635.72,
2014-06-30,1642.8,
2014-07-01,1641.72,
2014-07-02,1638.72,
2014-07-03,1633.2,
2014-07-04,0,
2014-07-07,1632.48,
2014-07-08,1633.68,
2014-07-09,1635.6,
2014-07-10,1632,
2014-07-11,1631.76,
2014-07-14,1634.4,
2014-07-15,1628.76,
2014-07-16,1623.6,
2014-07-17,1623.6,
2014-07-18,1621.8,
2014-07-21,1622.88,
2014-07-22,1616.4,
2014-07-23,1615.44,
2014-07-24,1616.16,
2014-07-25,1611.72,
2014-07-28,1612.8,
2014-07-29,1609.2,
2014-07-30,1605.36,
2014-07-31,1606.8,
2014-08-01,1612.32,
2014-08-04,1609.68,
2014-08-05,1603.92,
2014-08-06,1602.6,
2014-08-07,1603.44,
2014-08-08,1609.44,
2014-08-11,1606.2,
2014-08-12,1602.84,
2014-08-13,1604.04,
2014-08-14,1605.12,
2014-08-15,1607.04,
2014-08-18,1602.96,
2014-08-19,1598.4,
2014-08-20,1594.08,
2014-08-21,1594.08,
2014-08-22,1588.44,
2014-08-25,1584.72,
2014-08-26,1582.68,
2014-08-27,1583.04,
2014-08-28,1581.36,
2014-08-29,1578,
2014-09-01,0,
2014-09-02,1574.88,
2014-09-03,1576.32,
2014-09-04,1551.12,
2014-09-05,1554.72,
2014-09-08,1553.76,
2014-09-09,1549.08,
2014-09-10,1548.96,
2014-09-11,1552.32,
2014-09-12,1554.6,
2014-09-15,1554.12,
2014-09-16,1557.12,
2014-09-17,1554.96,
2014-09-18,1549.56,
2014-09-19,1540.2,
2014-09-22,1539.48,
2014-09-23,1542.96,
2014-09-24,1534.56,
2014-09-25,1529.76,
2014-09-26,1522.32,
2014-09-29,1524.36,
2014-09-30,1515.36,
2014-10-01,1514.16,
2014-10-02,1520.4,
2014-10-03,1502.04,
2014-10-06,1511.04,
2014-10-07,1515.12,
2014-10-08,1521.96,
2014-10-09,1521.96,
2014-10-10,1516.32,
2014-10-13,0,
2014-10-14,1519.2,
2014-10-15,1533.36,
2014-10-16,1537.44,
2014-10-17,1530.6,
2014-10-20,1533.96,
2014-10-21,1526.88,
2014-10-22,1518.96,
2014-10-23,1518.96,
2014-10-24,1521,
2014-10-27,1525.44,
2014-10-28,1529.64,
2014-10-29,1531.44,
2014-10-30,1514.64,
2014-10-31,1503.6,
2014-11-03,1498.44,
2014-11-04,1506.48,
2014-11-05,1498.56,
2014-11-06,1489.68,
2014-11-07,1490.64,
2014-11-10,1491,
2014-11-11,0,
2014-11-12,1494.72,
2014-11-13,1497.12,
2014-11-14,1499.28,
2014-11-17,1493.64,
2014-11-18,1504.08,
2014-11-19,1505.76,
2014-11-20,1503.12,
2014-11-21,1487.28,
2014-11-24,1491.24,
2014-11-25,1496.64,
2014-11-26,1500.36,
2014-11-27,0,
2014-11-28,1492.56,
2014-12-01,1498.8,
2014-12-02,1486.8,
2014-12-03,1476.48,
2014-12-04,1491.84,
2014-12-05,1476.48,
2014-12-08,1475.04,
2014-12-09,1489.8,
2014-12-10,1491,
2014-12-11,1487.64,
2014-12-12,1498.08,
2014-12-15,1496.4,
2014-12-16,1500.48,
2014-12-17,1488.72,
2014-12-18,1474.92,
2014-12-19,1468.2,
2014-12-22,1470.24,
2014-12-23,1461.6,
2014-12-24,1462.56,
2014-12-25,0,
2014-12-26,0,
2014-12-29,1461.48,
2014-12-30,1460.88,
2014-12-31,1452.12,
2015-01-01,0,
2015-01-02,1441.8,
2015-01-05,1430.16,
2015-01-06,1432.32,
2015-01-07,1418.4,
2015-01-08,1417.32,
2015-01-09,1419.6,
2015-01-12,1419.84,
2015-01-13,1413.48,
2015-01-14,1416.72,
2015-01-15,1391.76,
2015-01-16,1382.04,
2015-01-19,0,
2015-01-20,1387.08,
2015-01-21,1390.08,
2015-01-22,1369.68,
2015-01-23,1353.48,
2015-01-26,1354.8,
2015-01-27,1364.4,
2015-01-28,1361.04,
2015-01-29,1356.96,
2015-01-30,1354.8,
2015-02-02,1360.44,
2015-02-03,1375.44,
2015-02-04,1370.16,
2015-02-05,1371.84,
2015-02-06,1359.6,
2015-02-09,1357.92,
2015-02-10,1357.92,
2015-02-11,1356,
2015-02-12,1369.2,
2015-02-13,1368.96,
2015-02-16,0,
2015-02-17,1367.4,
2015-02-18,1361.04,
2015-02-19,1367.04,
2015-02-20,1364.64,
2015-02-23,1361.52,
2015-02-24,1356.84,
2015-02-25,1363.56,
2015-02-26,1345.44,
2015-02-27,1343.64,
2015-03-02,1342.8,
2015-03-03,1345.44,
2015-03-04,1328.4,
2015-03-05,1320.72,
2015-03-06,1302.6,
2015-03-09,1301.52,
2015-03-10,1284.84,
2015-03-11,1269.12,
2015-03-12,1273.8,
2015-03-13,1262.88,
2015-03-16,1269,
2015-03-17,1272.6,
2015-03-18,1277.16,
2015-03-19,1274.52,
2015-03-20,1295.04,
2015-03-23,1311.36,
2015-03-24,1308.96,
2015-03-25,1318.32,
2015-03-26,1310.28,
2015-03-27,1306.92,
2015-03-30,1298.16,
2015-03-31,1288.92,
2015-04-01,1292.16,
2015-04-02,1304.88,
2015-04-03,1318.8,
2015-04-06,1320.96,
2015-04-07,1302,
2015-04-08,1298.16,
2015-04-09,1280.52,
2015-04-10,1271.76,
2015-04-13,1269.84,
2015-04-14,1280.64,
2015-04-15,1271.52,
2015-04-16,1289.04,
2015-04-17,1293.6,
2015-04-20,1291.56,
2015-04-21,1290.96,
2015-04-22,1287.48,
2015-04-23,1296.36,
2015-04-24,1305.12,
2015-04-27,1307.04,
2015-04-28,1317.48,
2015-04-29,1340.88,
2015-04-30,1339.44,
2015-05-01,1343.28,
2015-05-04,1337.4,
2015-05-05,1340.88,
2015-05-06,1361.4,
2015-05-07,1353.96,
2015-05-08,1348.92,
2015-05-11,1337.04,
2015-05-12,1348.8,
2015-05-13,1364.64,
2015-05-14,1364.16,
2015-05-15,1371.36,
2015-05-18,1362.48,
2015-05-19,1338.12,
2015-05-20,1329.48,
2015-05-21,1335.12,
2015-05-22,1323.96,
2015-05-25,0,
2015-05-26,1305.12,
2015-05-27,1306.56,
2015-05-28,1309.68,
2015-05-29,1319.28,
2015-06-01,1309.56,
2015-06-02,1335.6,
2015-06-03,1354.2,
2015-06-04,1352.52,
2015-06-05,1332.96,
2015-06-08,1347.84,
2015-06-09,1354.08,
2015-06-10,1356.84,
2015-06-11,1348.32,
2015-06-12,1353.36,
2015-06-15,1351.92,
2015-06-16,1348.56,
2015-06-17,1349.28,
2015-06-18,1368.48,
2015-06-19,1360.2,
2015-06-22,1365.36,
2015-06-23,1342.8,
2015-06-24,1341.36,
2015-06-25,1343.52,
2015-06-26,1338.72,
2015-06-29,1341.6,
2015-06-30,1338.48,
2015-07-01,1330.08,
2015-07-02,1330.8,
2015-07-03,0,
2015-07-06,1329.12,
2015-07-07,1314.24,
2015-07-08,1328.64,
2015-07-09,1323,
2015-07-10,1338,
2015-07-13,1322.4,
2015-07-14,1321.8,
2015-07-15,1315.8,
2015-07-16,1307.76,
2015-07-17,1301.76,
2015-07-20,1302,
2015-07-21,1311.24,
2015-07-22,1306.08,
2015-07-23,1317.12,
2015-07-24,1317.12,
2015-07-27,1333.44,
2015-07-28,1326.6,
2015-07-29,1323.12,
2015-07-30,1309.68,
2015-07-31,1323.36,
2015-08-03,1315.44,
2015-08-04,1314.36,
2015-08-05,1304.16,
2015-08-06,1310.64,
2015-08-07,1314.96,
2015-08-10,1319.28,
2015-08-11,1325.04,
2015-08-12,1343.76,
2015-08-13,1337.28,
2015-08-14,1333.2,
2015-08-17,1329.36,
2015-08-18,1323.36,
2015-08-19,1327.32,
2015-08-20,1344,
2015-08-21,1362.72,
2015-08-24,1389.6,
2015-08-25,1369.2,
2015-08-26,1366.8,
2015-08-27,1348.68,
2015-08-28,1340.64,
2015-08-31,1343.28,
2015-09-01,1351.56,
2015-09-02,1349.04,
2015-09-03,1332.48,
2015-09-04,1334.04,
2015-09-07,0,
2015-09-08,1341.84,
2015-09-09,1339.8,
2015-09-10,1351.44,
2015-09-11,1360.56,
2015-09-14,1356.84,
2015-09-15,1351.2,
2015-09-16,1356.48,
2015-09-17,1357.44,
2015-09-18,1362.96,
2015-09-21,1344.48,
2015-09-22,1335.96,
2015-09-23,1339.2,
2015-09-24,1350.24,
2015-09-25,1343.04,
2015-09-28,1348.32,
2015-09-29,1349.52,
2015-09-30,1339.44,
2015-10-01,1344,
2015-10-02,1353.12,
2015-10-05,1344,
2015-10-06,1351.92,
2015-10-07,1349.88,
2015-10-08,1353.84,
2015-10-09,1363.56,
2015-10-12,0,
2015-10-13,1365.84,
2015-10-14,1372.44,
2015-10-15,1370.16,
2015-10-16,1363.2,
2015-10-19,1358.4,
2015-10-20,1363.08,
2015-10-21,1361.4,
2015-10-22,1336.8,
2015-10-23,1321.92,
2015-10-26,1326.12,
2015-10-27,1326.24,
2015-10-28,1327.92,
2015-10-29,1315.56,
2015-10-30,1325.04,
2015-11-02,1323.12,
2015-11-03,1313.52,
2015-11-04,1303.32,
2015-11-05,1304.28,
2015-11-06,1289.52,
2015-11-09,1292.04,
2015-11-10,1282.32,
2015-11-11,0,
2015-11-12,1292.16,
2015-11-13,1286.64,
2015-11-16,1284.96,
2015-11-17,1276.08,
2015-11-18,1276.56,
2015-11-19,1289.52,
2015-11-20,1279.2,
2015-11-23,1272.24,
2015-11-24,1278.24,
2015-11-25,1273.92,
2015-11-26,0,
2015-11-27,1271.52,
2015-11-30,1267.44,
2015-12-01,1274.4,
2015-12-02,1268.76,
2015-12-03,1308.24,
2015-12-04,1306.08,
2015-12-07,1300.8,
2015-12-08,1305.12,
2015-12-09,1318.08,
2015-12-10,1313.76,
2015-12-11,1320.24,
2015-12-14,1323,
2015-12-15,1309.32,
2015-12-16,1312.44,
2015-12-17,1296.48,
2015-12-18,1301.64,
2015-12-21,1310.4,
2015-12-22,1317.36,
2015-12-23,1305,
2015-12-24,1314.6,
2015-12-25,0,
2015-12-28,1317.96,
2015-12-29,1309.92,
2015-12-30,1309.44,
2015-12-31,1303.08,
2016-01-01,0,
2016-01-04,1296.36,
2016-01-05,1289.16,
2016-01-06,1291.44,
2016-01-07,1303.2,
2016-01-08,1306.2,
2016-01-11,1305.36,
2016-01-12,1300.44,
2016-01-13,1303.44,
2016-01-14,1303.44,
2016-01-15,1315.68,
2016-01-18,0,
2016-01-19,1308.72,
2016-01-20,1308.96,
2016-01-21,1299.96,
2016-01-22,1297.68,
2016-01-25,1299.84,
2016-01-26,1301.52,
2016-01-27,1304.04,
2016-01-28,1314.24,
2016-01-29,1299.84,
2016-02-01,1306.56,
2016-02-02,1308.96,
2016-02-03,1326.12,
2016-02-04,1343.88,
2016-02-05,1335.72,
2016-02-08,1340.4,
2016-02-09,1356,
2016-02-10,1346.64,
2016-02-11,1363.44,
2016-02-12,1348.2,
2016-02-15,0,
2016-02-16,1336.8,
2016-02-17,1336.8,
2016-02-18,1331.04,
2016-02-19,1335.24,
2016-02-22,1322.16,
2016-02-23,1321.92,
2016-02-24,1322.52,
2016-02-25,1323.12,
2016-02-26,1311.84,
2016-02-29,1304.16,
2016-03-01,1301.64,
2016-03-02,1301.4,
2016-03-03,1313.76,
2016-03-04,1321.2,
2016-03-07,1320.48,
2016-03-08,1323.36,
2016-03-09,1322.64,
2016-03-10,1339.44,
2016-03-11,1341.6,
2016-03-14,1332.84,
2016-03-15,1333.44,
2016-03-16,1329,
2016-03-17,1357.92,
2016-03-18,1355.04,
2016-03-21,1351.2,
2016-03-22,1347.36,
2016-03-23,1340.88,
2016-03-24,1339.56,
2016-03-25,1339.68,
2016-03-28,1345.2,
2016-03-29,1344.48,
2016-03-30,1359.6,
2016-03-31,1366.8,
2016-04-01,1366.2,
2016-04-04,1366.32,
2016-04-05,1364.88,
2016-04-06,1371.6,
2016-04-07,1366.32,
2016-04-08,1368.72,
2016-04-11,1369.44,
2016-04-12,1367.4,
2016-04-13,1353.72,
2016-04-14,1351.44,
2016-04-15,1355.4,
2016-04-18,1358.64,
2016-04-19,1365,
2016-04-20,1359.6,
2016-04-21,1356.12,
2016-04-22,1348.68,
2016-04-25,1352.88,
2016-04-26,1358.16,
2016-04-27,1358.64,
2016-04-28,1359,
2016-04-29,1372.92,
2016-05-02,1381.92,
2016-05-03,1380.96,
2016-05-04,1378.32,
2016-05-05,1368.48,
2016-05-06,1370.52,
2016-05-09,1368.24,
2016-05-10,1366.32,
2016-05-11,1373.28,
2016-05-12,1365.6,
2016-05-13,1355.28,
2016-05-16,1359.36,
2016-05-17,1360.44,
2016-05-18,1353.12,
2016-05-19,1345.68,
2016-05-20,1344.84,
2016-05-23,1343.04,
2016-05-24,1337.4,
2016-05-25,1338.48,
2016-05-26,1342.08,
2016-05-27,1336.8,
2016-05-30,0,
2016-05-31,1336.2,
2016-06-01,1339.8,
2016-06-02,1338.84,
2016-06-03,1359.6,
2016-06-06,1362.48,
2016-06-07,1362,
2016-06-08,1368,
2016-06-09,1359.48,
2016-06-10,1353.72,
2016-06-13,1353.84,
2016-06-14,1344.72,
2016-06-15,1348.68,
2016-06-16,1338.96,
2016-06-17,1350.72,
2016-06-20,1358.16,
2016-06-21,1351.44,
2016-06-22,1354.32,
2016-06-23,1364.76,
2016-06-24,1335.12,
2016-06-27,1322.88,
2016-06-28,1326.48,
2016-06-29,1334.04,
2016-06-30,1323.84,
2016-07-01,1337.4,
2016-07-04,0,
2016-07-05,1329.6,
2016-07-06,1329.24,
2016-07-07,1327.8,
2016-07-08,1324.56,
2016-07-11,1325.4,
2016-07-12,1328.88,
2016-07-13,1333.44,
2016-07-14,1333.08,
2016-07-15,1327.08,
2016-07-18,1329.12,
2016-07-19,1321.68,
2016-07-20,1320.84,
2016-07-21,1321.92,
2016-07-22,1316.16,
2016-07-25,1317.6,
2016-07-26,1318.08,
2016-07-27,1318.56,
2016-07-28,1331.28,
2016-07-29,1340.16,
2016-08-01,1341.12,
2016-08-02,1347,
2016-08-03,1340.4,
2016-08-04,1336.08,
2016-08-05,1329.6,
2016-08-08,1329.36,
2016-08-09,1333.2,
2016-08-10,1340.52,
2016-08-11,1340.16,
2016-08-12,1340.64,
2016-08-15,1343.88,
2016-08-16,1353.24,
2016-08-17,1351.56,
2016-08-18,1360.08,
2016-08-19,1359.12,
2016-08-22,1357.68,
2016-08-23,1356.96,
2016-08-24,1350.72,
2016-08-25,1352.88,
2016-08-26,1348.44,
2016-08-29,1341.84,
2016-08-30,1338,
2016-08-31,1337.52,
2016-09-01,1343.28,
2016-09-02,1338.96,
2016-09-05,0,
2016-09-06,1348.44,
2016-09-07,1348.56,
2016-09-08,1350.72,
2016-09-09,1345.68,
2016-09-12,1347.6,
2016-09-13,1349.04,
2016-09-14,1352.52,
2016-09-15,1349.52,
2016-09-16,1339.2,
2016-09-19,1341.48,
2016-09-20,1340.64,
2016-09-21,1339.8,
2016-09-22,1347.48,
2016-09-23,1346.76,
2016-09-26,1352.4,
2016-09-27,1344.96,
2016-09-28,1344,
2016-09-29,1349.28,
2016-09-30,1348.56,
2016-10-03,1345.2,
2016-10-04,1345.44,
2016-10-05,1343.52,
2016-10-06,1338.96,
2016-10-07,1338.72,
2016-10-10,0,
2016-10-11,1327.44,
2016-10-12,1321.68,
2016-10-13,1324.56,
2016-10-14,1318.2,
2016-10-17,1320,
2016-10-18,1319.64,
2016-10-19,1315.92,
2016-10-20,1312.08,
2016-10-21,1303.92,
2016-10-24,1306.56,
2016-10-25,1306.8,
2016-10-26,1309.92,
2016-10-27,1308.48,
2016-10-28,1312.08,
2016-10-31,1315.44,
2016-11-01,1325.04,
2016-11-02,1334.28,
2016-11-03,1331.28,
2016-11-04,1334.52,
2016-11-07,1324.56,
2016-11-08,1324.08,
2016-11-09,1314.24,
2016-11-10,1305.84,
2016-11-11,0,
2016-11-14,1286.76,
2016-11-15,1287.12,
2016-11-16,1283.88,
2016-11-17,1278.72,
2016-11-18,1272,
2016-11-21,1271.64,
2016-11-22,1274.16,
2016-11-23,1267.2,
2016-11-24,0,
2016-11-25,1271.4,
2016-11-28,1269.12,
2016-11-29,1275.12,
2016-11-30,1269.36,
2016-12-01,1276.08,
2016-12-02,1279.92,
2016-12-05,1286.76,
2016-12-06,1286.04,
2016-12-07,1290.96,
2016-12-08,1275,
2016-12-09,1264.92,
2016-12-12,1272.72,
2016-12-13,1276.2,
2016-12-14,1278.72,
2016-12-15,1245,
2016-12-16,1254.72,
2016-12-19,1253.28,
2016-12-20,1246.8,
2016-12-21,1251,
2016-12-22,1254.24,
2016-12-23,1253.88,
2016-12-26,0,
2016-12-27,1254.96,
2016-12-28,1246.68,
2016-12-29,1258.32,
2016-12-30,1266.24,
2017-01-02,0,
2017-01-03,1249.92,
2017-01-04,1257.12,
2017-01-05,1271.76,
2017-01-06,1267.2,
2017-01-09,1269.12,
2017-01-10,1268.64,
2017-01-11,1260.12,
2017-01-12,1279.92,
2017-01-13,1275,
2017-01-16,0,
2017-01-17,1283.4,
2017-01-18,1281.84,
2017-01-19,1275.6,
2017-01-20,0,
2017-01-23,1288.8,
2017-01-24,1289.88,
2017-01-25,1289.16,
2017-01-26,1280.4,
2017-01-27,1282.8,
2017-01-30,1281.72,
2017-01-31,1295.28,
2017-02-01,1290.96,
2017-02-02,1296.24,
2017-02-03,1295.04,
2017-02-06,1287.72,
2017-02-07,1282.8,
2017-02-08,1284.96,
2017-02-09,1278.96,
2017-02-10,1278,
2017-02-13,1272.36,
2017-02-14,1269.24,
2017-02-15,1271.64,
2017-02-16,1279.2,
2017-02-17,1273.68,
2017-02-20,0,
2017-02-21,1266.12,
2017-02-22,1266.6,
2017-02-23,1270.32,
2017-02-24,1269.6,
2017-02-27,1274.88,
2017-02-28,1274.16,
2017-03-01,1267.68,
2017-03-02,1261.68,
2017-03-03,1266.24,
2017-03-06,1270.32,
2017-03-07,1269.84,
2017-03-08,1265.64,
2017-03-09,1270.32,
2017-03-10,1280.04,
2017-03-13,1280.4,
2017-03-14,1277.4,
2017-03-15,1275.6,
2017-03-16,1288.56,
2017-03-17,1289.04,
2017-03-20,1290.48,
2017-03-21,1297.2,
2017-03-22,1296,
2017-03-23,1294.44,
2017-03-24,1296.72,
2017-03-27,1305.84,
2017-03-28,1302.24,
2017-03-29,1290.72,
2017-03-30,1287.12,
2017-03-31,1283.76,
2017-04-03,1278.6,
2017-04-04,1279.68,
2017-04-05,1279.32,
2017-04-06,1278.12,
2017-04-07,1273.92,
2017-04-10,1272.72,
2017-04-11,1273.68,
2017-04-12,1273.32,
2017-04-13,1275.6,
2017-04-14,1275,
2017-04-17,1279.2,
2017-04-18,1284.72,
2017-04-19,1284.84,
2017-04-20,1290.96,
2017-04-21,1283.28,
2017-04-24,1301.52,
2017-04-25,1312.92,
2017-04-26,1304.64,
2017-04-27,1303.68,
2017-04-28,1307.4,
2017-05-01,1309.44,
2017-05-02,1309.2,
2017-05-03,1310.4,
2017-05-04,1316.04,
2017-05-05,1319.52,
2017-05-08,1311.36,
2017-05-09,1305,
2017-05-10,1304.76,
2017-05-11,1304.28,
2017-05-12,1311.12,
2017-05-15,1317.48,
2017-05-16,1328.64,
2017-05-17,1336.08,
2017-05-18,1335.6,
2017-05-19,1342.8,
2017-05-22,1348.32,
2017-05-23,1343.76,
2017-05-24,1341,
2017-05-25,1346.16,
2017-05-26,1340.4,
2017-05-29,0,
2017-05-30,1341.96,
2017-05-31,1348.32,
2017-06-01,1345.68,
2017-06-02,1352.4,
2017-06-05,1350,
2017-06-06,1351.92,
2017-06-07,1348.32,
2017-06-08,1346.04,
2017-06-09,1342.8,
2017-06-12,1344.48,
2017-06-13,1343.28,
2017-06-14,1353.24,
2017-06-15,1338.24,
2017-06-16,1343.28,
2017-06-19,1339.2,
2017-06-20,1334.88,
2017-06-21,1337.16,
2017-06-22,1337.76,
2017-06-23,1343.52,
2017-06-26,1343.52,
2017-06-27,1356,
2017-06-28,1363.68,
2017-06-29,1370.4,
2017-06-30,1369.32,
2017-07-03,1364.04,
2017-07-04,0,
2017-07-05,1360.32,
2017-07-06,1369.08,
2017-07-07,1367.52,
2017-07-10,1367.52,
2017-07-11,1371.6,
2017-07-12,1369.32,
2017-07-13,1366.2,
2017-07-14,1374.24,
2017-07-17,1376.4,
2017-07-18,1389.36,
2017-07-19,1382.16,
2017-07-20,1396.08,
2017-07-21,1398.6,
2017-07-24,1397.04,
2017-07-25,1398.72,
2017-07-26,1395.84,
2017-07-27,1398.72,
2017-07-28,1410.48,
2017-07-31,1419.12,
2017-08-01,1415.88,
2017-08-02,1423.32,
2017-08-03,1425.6,
2017-08-04,1410.48,
2017-08-07,1414.56,
2017-08-08,1406.88,
2017-08-09,1409.76,
2017-08-10,1410.12,
2017-08-11,1417.32,
2017-08-14,1414.32,
2017-08-15,1408.32,
2017-08-16,1404.36,
2017-08-17,1408.32,
2017-08-18,1409.76,
2017-08-21,1417.68,
2017-08-22,1411.44,
2017-08-23,1416.24,
2017-08-24,1416.12,
2017-08-25,1424.88,
2017-08-28,1436.76,
2017-08-29,1443,
2017-08-30,1431.24,
2017-08-31,1427.28,
2017-09-01,1425.36,
2017-09-04,0,
2017-09-05,1429.32,
2017-09-06,1433.16,
2017-09-07,1443.36,
2017-09-08,1444.92,
2017-09-11,1435.68,
2017-09-12,1436.16,
2017-09-13,1427.76,
2017-09-14,1426.32,
2017-09-15,1435.08,
2017-09-18,1432.56,
2017-09-19,1437.6,
2017-09-20,1439.76,
2017-09-21,1433.52,
2017-09-22,1436.28,
2017-09-25,1422.24,
2017-09-26,1412.64,
2017-09-27,1409.64,
2017-09-28,1413.12,
2017-09-29,1417.56,
2017-10-02,1409.4,
2017-10-03,1411.08,
2017-10-04,1411.2,
2017-10-05,1404.72,
2017-10-06,1407.84,
2017-10-09,0,
2017-10-10,1416.48,
2017-10-11,1421.64,
2017-10-12,1420.8,
2017-10-13,1420.44,
2017-10-16,1417.2,
2017-10-17,1410.48,
2017-10-18,1413,
2017-10-19,1421.04,
2017-10-20,1412.4,
2017-10-23,1411.44,
2017-10-24,1411.92,
2017-10-25,1416.24,
2017-10-26,1404,
2017-10-27,1389.6,
2017-10-30,1395.12,
2017-10-31,1397.76,
2017-11-01,1394.16,
2017-11-02,1400.64,
2017-11-03,1393.92,
2017-11-06,1392,
2017-11-07,1389.24,
2017-11-08,1390.92,
2017-11-09,1397.76,
2017-11-10,0,
2017-11-13,1398.72,
2017-11-14,1411.68,
2017-11-15,1415.28,
2017-11-16,1412.64,
2017-11-17,1415.88,
2017-11-20,1408.92,
2017-11-21,1408.92,
2017-11-22,1414.68,
2017-11-23,0,
2017-11-24,1432.32,
2017-11-27,1429.32,
2017-11-28,1425.36,
2017-11-29,1422.96,
2017-11-30,1427.76,
2017-12-01,1429.2,
2017-12-04,1421.76,
2017-12-05,1418.4,
2017-12-06,1414.56,
2017-12-07,1414.8,
2017-12-08,1411.32,
2017-12-11,1416.24,
2017-12-12,1407,
2017-12-13,1411.44,
2017-12-14,1413.36,
2017-12-15,1413.36,
2017-12-18,1416.48,
2017-12-19,1418.64,
2017-12-20,1425.72,
2017-12-21,1424.64,
2017-12-22,1420.68,
2017-12-25,0,
2017-12-26,1424.04,
2017-12-27,1428.24,
2017-12-28,1434.24,
2017-12-29,1442.64,
2018-01-01,0,
2018-01-02,1446,
2018-01-03,1443.6,
2018-01-04,1447.68,
2018-01-05,1444.68,
2018-01-08,1436.76,
2018-01-09,1430.64,
2018-01-10,1434.96,
2018-01-11,1444.2,
2018-01-12,1455.6,
2018-01-15,0,
2018-01-16,1469.28,
2018-01-17,1467.48,
2018-01-18,1468.56,
2018-01-19,1468.56,
2018-01-22,1467.6,
2018-01-23,1473.24,
2018-01-24,1486.8,
2018-01-25,1498.56,
2018-01-26,1490.64,
2018-01-29,1482.24,
2018-01-30,1486.8,
2018-01-31,1491.36,
2018-02-01,1497.84,
2018-02-02,1493.52,
2018-02-05,1490.16,
2018-02-06,1485.72,
2018-02-07,1473.72,
2018-02-08,1468.56,
2018-02-09,1467.12,
2018-02-12,1472.04,
2018-02-13,1483.56,
2018-02-14,1487.52,
2018-02-15,1497.84,
2018-02-16,1493.04,
2018-02-19,0,
2018-02-20,1481.76,
2018-02-21,1477.68,
2018-02-22,1479.12,
2018-02-23,1475.76,
2018-02-26,1475.52,
2018-02-27,1468.68,
2018-02-28,1465.32,
2018-03-01,1465.92,
2018-03-02,1477.68,
2018-03-05,1479.6,
2018-03-06,1489.8,
2018-03-07,1487.64,
2018-03-08,1477.68,
2018-03-09,1479.12,
2018-03-12,1478.16,
2018-03-13,1487.76,
2018-03-14,1483.44,
2018-03-15,1478.52,
2018-03-16,1473.6,
2018-03-19,1479.48,
2018-03-20,1472.52,
2018-03-21,1472.16,
2018-03-22,1477.2,
2018-03-23,1483.2,
2018-03-26,1492.8,
2018-03-27,1489.2,
2018-03-28,1482.12,
2018-03-29,1475.64,
2018-03-30,1478.4,
2018-04-02,1474.56,
2018-04-03,1471.32,
2018-04-04,1475.04,
2018-04-05,1467.6,
2018-04-06,1472.88,
2018-04-09,1478.4,
2018-04-10,1480.56,
2018-04-11,1486.08,
2018-04-12,1478.4,
2018-04-13,1478.64,
2018-04-16,1484.76,
2018-04-17,1481.4,
2018-04-18,1485.6,
2018-04-19,1480.32,
2018-04-20,1473.84,
2018-04-23,1465.92,
2018-04-24,1467.12,
2018-04-25,1461.36,
2018-04-26,1453.56,
2018-04-27,1452.96,
2018-04-30,1448.88,
2018-05-01,1440,
2018-05-02,1436.16,
2018-05-03,1436.4,
2018-05-04,1433.52,
2018-05-07,1431.24,
2018-05-08,1423.56,
2018-05-09,1422.24,
2018-05-10,1427.52,
2018-05-11,1434.12,
2018-05-14,1437.12,
2018-05-15,1423.68,
2018-05-16,1414.56,
2018-05-17,1415.76,
2018-05-18,1413,
2018-05-21,1412.16,
2018-05-22,1413.96,
2018-05-23,1403.16,
2018-05-24,1407.48,
2018-05-25,1399.92,
2018-05-28,0,
2018-05-29,1386.12,
2018-05-30,1399.68,
2018-05-31,1400.4,
2018-06-01,1401.48,
2018-06-04,1403.52,
2018-06-05,1400.64,
2018-06-06,1413.36,
2018-06-07,1417.8,
2018-06-08,1412.76,
2018-06-11,1416.24,
2018-06-12,1415.04,
2018-06-13,1414.08,
2018-06-14,1396.08,
2018-06-15,1393.92,
2018-06-18,1392.72,
2018-06-19,1389.24,
2018-06-20,1391.04,
2018-06-21,1392,
2018-06-22,1395.6,
2018-06-25,1403.28,
2018-06-26,1401,
2018-06-27,1390.56,
2018-06-28,1389.84,
2018-06-29,1401.24,
2018-07-02,1392.48,
2018-07-03,1398.36,
2018-07-04,0,
2018-07-05,1403.64,
2018-07-06,1408.56,
2018-07-09,1409.28,
2018-07-10,1407.36,
2018-07-11,1406.64,
2018-07-12,1403.04,
2018-07-13,1400.04,
2018-07-16,1405.2,
2018-07-17,1399.68,
2018-07-18,1397.4,
2018-07-19,1392.48,
2018-07-20,1404.96,
2018-07-23,1404.24,
2018-07-24,1402.08,
2018-07-25,1401.24,
2018-07-26,1398.48,
2018-07-27,1399.2,
2018-07-30,1406.16,
2018-07-31,1404.72,
2018-08-01,1399.92,
2018-08-02,1393.44,
2018-08-03,1391.64,
2018-08-06,1387.68,
2018-08-07,1391.64,
2018-08-08,1391.76,
2018-08-09,1387.92,
2018-08-10,1367.88,
2018-08-13,1367.52,
2018-08-14,1362.12,
2018-08-15,1359.84,
2018-08-16,1366.56,
2018-08-17,1369.2,
2018-08-20,1372.56,
2018-08-21,1384.08,
2018-08-22,1391.4,
2018-08-23,1388.04,
2018-08-24,1395,
2018-08-27,1401.12,
2018-08-28,1406.4,
2018-08-29,1403.88,
2018-08-30,1397.52,
2018-08-31,1391.52,
2018-09-03,0,
2018-09-04,1387.92,
2018-09-05,1394.4,
2018-09-06,1394.88,
2018-09-07,1388.64,
2018-09-10,1392.48,
2018-09-11,1390.92,
2018-09-12,1395.12,
2018-09-13,1400.64,
2018-09-14,1398.72,
2018-09-17,1402.44,
2018-09-18,1403.16,
2018-09-19,1402.2,
2018-09-20,1409.28,
2018-09-21,1408.68,
2018-09-24,1412.76,
2018-09-25,1412.4,
2018-09-26,1410.96,
2018-09-27,1400.4,
2018-09-28,1394.64,
2018-10-01,1388.04,
2018-10-02,1387.2,
2018-10-03,1383,
2018-10-04,1380.96,
2018-10-05,1380.24,
2018-10-08,0,
2018-10-09,1377.84,
2018-10-10,1384.92,
2018-10-11,1387.8,
2018-10-12,1387.08,
2018-10-15,1391.28,
2018-10-16,1391.16,
2018-10-17,1384.8,
2018-10-18,1379.28,
2018-10-19,1381.56,
2018-10-22,1376.04,
2018-10-23,1377.6,
2018-10-24,1366.68,
2018-10-25,1364.88,
2018-10-26,1366.56,
2018-10-29,1366.8,
2018-10-30,1363.68,
2018-10-31,1359.84,
2018-11-01,1367.52,
2018-11-02,1365.36,
2018-11-05,1367.28,
2018-11-06,1369.44,
2018-11-07,1375.08,
2018-11-08,1369.92,
2018-11-09,1359,
2018-11-12,0,
2018-11-13,1354.56,
2018-11-14,1357.44,
2018-11-15,1358.88,
2018-11-16,1368.24,
2018-11-19,1373.76,
2018-11-20,1366.92,
2018-11-21,1367.16,
2018-11-22,0,
2018-11-23,1359.84,
2018-11-26,1360.32,
2018-11-27,1353.72,
2018-11-28,1354.32,
2018-11-29,1365.84,
2018-11-30,1358.76,
2018-12-03,1362.72,
2018-12-04,1361.4,
2018-12-05,0,
2018-12-06,1364.88,
2018-12-07,1366.8,
2018-12-10,1364.16,
2018-12-11,1357.68,
2018-12-12,1363.44,
2018-12-13,1362.96,
2018-12-14,1356,
2018-12-17,1360.68,
2018-12-18,1363.68,
2018-12-19,1370.64,
2018-12-20,1371.84,
2018-12-21,1368.24,
2018-12-24,0,
2018-12-25,0,
2018-12-26,1368.96,
2018-12-27,1369.44,
2018-12-28,1373.4,
2018-12-31,1374.72,
2019-01-01,0,
2019-01-02,1362.84,
2019-01-03,1367.88,
2019-01-04,1369.2,
2019-01-07,1376.16,
2019-01-08,1373.28,
2019-01-09,1382.88,
2019-01-10,1382.04,
2019-01-11,1377.48,
2019-01-14,0,
2019-01-15,1367.04,
2019-01-16,1368.96,
2019-01-17,1366.32,
2019-01-18,1363.44,
2019-01-21,0,
2019-01-22,1363.08,
2019-01-23,1366.8,
2019-01-24,1358.64,
2019-01-25,1368.84,
2019-01-28,1372.56,
2019-01-29,1370.88,
2019-01-30,1370.16,
2019-01-31,1374.48,
2019-02-01,1376.88,
2019-02-04,1372.56,
2019-02-05,1368.72,
2019-02-06,1365.6,
2019-02-07,1362.84,
2019-02-08,1359.12,
2019-02-11,1353.24,
2019-02-12,1357.92,
2019-02-13,1354.56,
2019-02-14,1354.08,
2019-02-15,1352.16,
2019-02-18,0,
2019-02-19,1359.36,
2019-02-20,0,
2019-02-21,1360.56,
2019-02-22,1361.04,
2019-02-25,1361.4,
2019-02-26,1364.88,
2019-02-27,1364.4,
2019-02-28,1365.48,
2019-03-01,1365.12,
2019-03-04,1359.36,
2019-03-05,1356,
2019-03-06,1358.4,
2019-03-07,1345.68,
2019-03-08,1349.16,
2019-03-11,1347.12,
2019-03-12,1353.12,
2019-03-13,1357.2,
2019-03-14,1356.48,
2019-03-15,1359.12,
2019-03-18,1360.44,
2019-03-19,1361.52,
2019-03-20,1362.24,
2019-03-21,1363.32,
2019-03-22,1353.84,
2019-03-25,1358.88,
2019-03-26,1353.6,
2019-03-27,1350,
2019-03-28,1348.32,
2019-03-29,1347.36,
2019-04-01,1345.2,
2019-04-02,1342.32,
2019-04-03,1349.04,
2019-04-04,1345.92,
2019-04-05,1346.04,
2019-04-08,1351.44,
2019-04-09,1353.36,
2019-04-10,1351.92,
2019-04-11,1351.44,
2019-04-12,1356.48,
2019-04-15,1356.48,
2019-04-16,1355.16,
2019-04-17,1355.64,
2019-04-18,1348.92,
2019-04-19,1349.52,
2019-04-22,1350.96,
2019-04-23,1345.56,
2019-04-24,1343.04,
2019-04-25,1336.8,
2019-04-26,1338.48,
2019-04-29,1339.92,
2019-04-30,1344.12,
2019-05-01,1349.52,
2019-05-02,1342.08,
2019-05-03,1342.32,
2019-05-06,1343.64,
2019-05-07,1341.36,
2019-05-08,1344.72,
2019-05-09,1347.36,
2019-05-10,1348.92,
2019-05-13,1347.84,
2019-05-14,1344.84,
2019-05-15,1344.96,
2019-05-16,1341.36,
2019-05-17,1339.92,
2019-05-20,1340.4,
2019-05-21,1338.96,
2019-05-22,1338.72,
2019-05-23,1340.64,
2019-05-24,1343.64,
2019-05-27,0,
2019-05-28,1341.24,
2019-05-29,1336.32,
2019-05-30,1336.8,
2019-05-31,1337.88,
2019-06-03,1344.72,
2019-06-04,1348.32,
2019-06-05,1349.04,
2019-06-06,1355.28,
2019-06-07,1358.88,
2019-06-10,1357.32,
2019-06-11,1357.92,
2019-06-12,1357.2,
2019-06-13,1353,
2019-06-14,1346.04,
2019-06-17,1348.2,
2019-06-18,1343.52,
2019-06-19,1345.68,
2019-06-20,1354.08,
2019-06-21,1359.36,
2019-06-24,1367.16,
2019-06-25,1366.32,
2019-06-26,1366.8,
2019-06-27,1364.64,
2019-06-28,1364.88,
2019-07-01,1356.84,
2019-07-02,1356.12,
2019-07-03,1353,
2019-07-04,0,
2019-07-05,1345.92,
2019-07-08,1344.96,
2019-07-09,1345.2,
2019-07-10,1351.2,
2019-07-11,1351.32,
2019-07-12,1350.48,
2019-07-15,1351.2,
2019-07-16,1345.44,
2019-07-17,1347.84,
2019-07-18,1347.36,
2019-07-19,1346.4,
2019-07-22,1345.68,
2019-07-23,1338.72,
2019-07-24,1336.92,
2019-07-25,1338.72,
2019-07-26,1334.52,
2019-07-29,1337.04,
2019-07-30,1337.76,
2019-07-31,1335.6,
2019-08-01,1327.44,
2019-08-02,1333.44,
2019-08-05,1343.64,
2019-08-06,1343.52,
2019-08-07,1348.32,
2019-08-08,1345.2,
2019-08-09,1346.64,
2019-08-12,1345.44,
2019-08-13,1341.84,
2019-08-14,1337.28,
2019-08-15,1332.72,
2019-08-16,1330.92,
2019-08-19,1331.52,
2019-08-20,1331.04,
2019-08-21,1331.76,
2019-08-22,1330.68,
2019-08-23,1337.76,
2019-08-26,1333.44,
2019-08-27,1331.28,
2019-08-28,1330.08,
2019-08-29,1327.08,
2019-08-30,1318.68,
2019-09-02,0,
2019-09-03,1316.16,
2019-09-04,1323,
2019-09-05,1324.56,
2019-09-06,1325.04,
2019-09-09,1326.72,
2019-09-10,1325.04,
2019-09-11,1320.12,
2019-09-12,1328.88,
2019-09-13,1328.88,
2019-09-16,1320.72,
2019-09-17,1327.56,
2019-09-18,1327.32,
2019-09-19,1325.52,
2019-09-20,1320.48,
2019-09-23,1318.92,
2019-09-24,1319.88,
2019-09-25,1313.88,
2019-09-26,1312.56,
2019-09-27,1313.04,
2019-09-30,1308.6,
2019-10-01,1311.84,
2019-10-02,1314.12,
2019-10-03,1318.92,
2019-10-04,1316.88,
2019-10-07,1318.08,
2019-10-08,1313.88,
2019-10-09,1317.36,
2019-10-10,1322.16,
2019-10-11,1324.68,
2019-10-14,0,
2019-10-15,1324.32,
2019-10-16,1329,
2019-10-17,1335.48,
2019-10-18,1338.6,
2019-10-21,1337.4,
2019-10-22,1336.56,
2019-10-23,1334.16,
2019-10-24,1331.76,
2019-10-25,1329.72,
2019-10-28,1331.28,
2019-10-29,1334.04,
2019-10-30,1334.76,
2019-10-31,1338.6,
2019-11-01,1340.28,
2019-11-04,1337.28,
2019-11-05,1328.4,
2019-11-06,1329.12,
2019-11-07,1325.4,
2019-11-08,1322.28,
2019-11-11,0,
2019-11-12,1322.04,
2019-11-13,1320.48,
2019-11-14,1321.92,
2019-11-15,1325.52,
2019-11-18,1329.48,
2019-11-19,1329,
2019-11-20,1327.56,
2019-11-21,1328.04,
2019-11-22,1323.48,
2019-11-25,1321.08,
2019-11-26,1321.44,
2019-11-27,1320.24,
2019-11-28,0,
2019-11-29,1322.28,
2019-12-02,1329,
2019-12-03,1330.68,
2019-12-04,1329.12,
2019-12-05,1332.48,
2019-12-06,1326.24,
2019-12-09,1328.04,
2019-12-10,1330.8,
2019-12-11,1331.04,
2019-12-12,1333.8,
2019-12-13,1335.36,
2019-12-16,1336.68,
2019-12-17,1337.76,
2019-12-18,1333.56,
2019-12-19,1335.36,
2019-12-20,1329.12,
2019-12-23,1330.92,
2019-12-24,1330.08,
2019-12-25,0,
2019-12-26,1332.24,
2019-12-27,1340.88,
2019-12-30,1346.04,
2019-12-31,1347.24,
2020-01-01,0,
2020-01-02,1339.92,
2020-01-03,1340.76,
2020-01-06,1342.44,
2020-01-07,1336.56,
2020-01-08,1334.04,
2020-01-09,1332.72,
2020-01-10,1334.28,
2020-01-13,1336.56,
2020-01-14,1335.6,
2020-01-15,1339.2,
2020-01-16,1335.72,
2020-01-17,1331.16,
2020-01-20,0,
2020-01-21,1331.52,
2020-01-22,1330.2,
2020-01-23,1324.92,
2020-01-24,1323.12,
2020-01-27,1322.28,
2020-01-28,1320.96,
2020-01-29,1320.48,
2020-01-30,1323.84,
2020-01-31,1329.84,
2020-02-03,1327.44,
2020-02-04,1325.16,
2020-02-05,1320.72,
2020-02-06,1317.48,
2020-02-07,1314,
2020-02-10,1309.92,
2020-02-11,1310.04,
2020-02-12,1307.16,
2020-02-13,1301.76,
2020-02-14,1300.68,
2020-02-17,0,
2020-02-18,1297.8,
2020-02-19,1295.28,
2020-02-20,1295.64,
2020-02-21,1302.6,
2020-02-24,1302.84,
2020-02-25,1304.16,
2020-02-26,1306.44,
2020-02-27,1317.24,
2020-02-28,1320.12,
2020-03-02,1339.68,
2020-03-03,1341,
2020-03-04,1335.6,
2020-03-05,1344.24,
2020-03-06,1358.28,
2020-03-09,1370.4,
2020-03-10,1361.04,
2020-03-11,1353.6,
2020-03-12,1329.72,
2020-03-13,1327.92,
2020-03-16,1336.68,
2020-03-17,1316.52,
2020-03-18,1299.96,
2020-03-19,1283.88,
2020-03-20,1281.84,
2020-03-23,1291.2,
2020-03-24,1295.28,
2020-03-25,1300.2,
2020-03-26,1323,
2020-03-27,1327.08,
2020-03-30,1322.16,
2020-03-31,1321.92,
2020-04-01,1312.08,
2020-04-02,1303.44,
2020-04-03,1295.64,
2020-04-06,1296.96,
2020-04-07,1306.32,
2020-04-08,1303.68,
2020-04-09,1311.72,
2020-04-10,1314.12,
2020-04-13,1308.72,
2020-04-14,1316.52,
2020-04-15,1309.08,
2020-04-16,1300.8,
2020-04-17,1305.96,
2020-04-20,1304.88,
2020-04-21,1302.48,
2020-04-22,1299.48,
2020-04-23,1297.8,
2020-04-24,1295.76,
2020-04-27,1299.48,
2020-04-28,1300.32,
2020-04-29,1302.36,
2020-04-30,1312.08,
2020-05-01,1319.76,
2020-05-04,1309.32,
2020-05-05,1301.28,
2020-05-06,1296.72,
2020-05-07,1297.8,
2020-05-08,1302.48,
2020-05-11,1298.16,
2020-05-12,1303.68,
2020-05-13,1300.44,
2020-05-14,1296,
2020-05-15,1297.92,
2020-05-18,1308.48,
2020-05-19,1312.44,
2020-05-20,1317.6,
2020-05-21,1314.36,
2020-05-22,1307.28,
2020-05-25,0,
2020-05-26,1316.4,
2020-05-27,1316.28,
2020-05-28,1328.28,
2020-05-29,1332.84,
2020-06-01,1334.76,
2020-06-02,1339.92,
2020-06-03,1349.52,
2020-06-04,1358.64,
2020-06-05,1355.64,
2020-06-08,1355.16,
2020-06-09,1361.76,
2020-06-10,1362.6,
2020-06-11,1365.36,
2020-06-12,1350.36,
2020-06-15,1352.4,
2020-06-16,1351.08,
2020-06-17,1346.28,
2020-06-18,1345.92,
2020-06-19,1342.68,
2020-06-22,1351.2,
2020-06-23,1358.64,
2020-06-24,1352.64,
2020-06-25,1346.52,
2020-06-26,1345.8,
2020-06-29,1348.44,
2020-06-30,1348.44,
2020-07-01,1351.08,
2020-07-02,1348.44,
2020-07-03,0,
2020-07-06,1356.84,
2020-07-07,1355.88,
2020-07-08,1359.48,
2020-07-09,1355.76,
2020-07-10,1358.16,
2020-07-13,1363.68,
2020-07-14,1368.72,
2020-07-15,1368.72,
2020-07-16,1371.96,
2020-07-17,1372.56,
2020-07-20,1373.04,
2020-07-21,1379.4,
2020-07-22,1390.44,
2020-07-23,1394.76,
2020-07-24,1396.2,
2020-07-27,1410,
2020-07-28,1407.96,
2020-07-29,1412.4,
2020-07-30,1414.92,
2020-07-31,1418.64,
2020-08-03,1410,
2020-08-04,1411.92,
2020-08-05,1427.76,
2020-08-06,1422.72,
2020-08-07,1413.12,
2020-08-10,1410.72,
2020-08-11,1411.68,
2020-08-12,1415.52,
2020-08-13,1418.16,
2020-08-14,1419.96,
2020-08-17,1424.28,
2020-08-18,1431.36,
2020-08-19,1427.76,
2020-08-20,1423.44,
2020-08-21,1413,
2020-08-24,1416.36,
2020-08-25,1418.16,
2020-08-26,1417.56,
2020-08-27,1418.88,
2020-08-28,1428.12,
2020-08-31,1434,
2020-09-01,1433.88,
2020-09-02,1420.8,
2020-09-03,1419.84,
2020-09-04,1418.4,
2020-09-07,0,
2020-09-08,1414.68,
2020-09-09,1417.2,
2020-09-10,1425.6,
2020-09-11,1419.72,
2020-09-14,1424.88,
2020-09-15,1421.52,
2020-09-16,1420.2,
2020-09-17,1418.76,
2020-09-18,1422.84,
2020-09-21,1408.44,
2020-09-22,1404.36,
2020-09-23,1401.24,
2020-09-24,1399.92,
2020-09-25,1394.16,
2020-09-28,1399.2,
2020-09-29,1406.04,
2020-09-30,1406.76,
2020-10-01,1410.24,
2020-10-02,1404.72,
2020-10-05,1414.08,
2020-10-06,1413.36,
2020-10-07,1411.92,
2020-10-08,1410.36,
2020-10-09,1418.28,
2020-10-12,0,
2020-10-13,1408.44,
2020-10-14,1410.6,
2020-10-15,1404.12,
2020-10-16,1406.04,
2020-10-19,1414.56,
2020-10-20,1418.88,
2020-10-21,1424.4,
2020-10-22,1418.88,
2020-10-23,1421.28,
2020-10-26,1417.92,
2020-10-27,1420.08,
2020-10-28,1410.12,
2020-10-29,1398.96,
2020-10-30,1397.64,
2020-11-02,1396.08,
2020-11-03,1406.88,
2020-11-04,1407.6,
2020-11-05,1417.08,
2020-11-06,1426.32,
2020-11-09,1417.32,
2020-11-10,1417.2,
2020-11-11,0,
2020-11-12,1417.68,
2020-11-13,1418.88,
2020-11-16,1421.28,
2020-11-17,1423.44,
2020-11-18,1424.28,
2020-11-19,1421.16,
2020-11-20,1422.84,
2020-11-23,1419.12,
2020-11-24,1424.88,
2020-11-25,1428.96,
2020-11-26,0,
2020-11-27,0,
2020-11-30,1433.76,
2020-12-01,1444.68,
2020-12-02,1451.16,
2020-12-03,1458.24,
2020-12-04,1457.04,
2020-12-07,1456.56,
2020-12-08,1453.32,
2020-12-09,1449.6,
2020-12-10,1454.16,
2020-12-11,1453.44,
2020-12-14,1457.4,
2020-12-15,1458.96,
2020-12-16,1461,
2020-12-17,1470.96,
2020-12-18,1468.32,
2020-12-21,1467.6,
2020-12-22,1460.64,
2020-12-23,1463.28,
2020-12-24,0,
2020-12-25,0,
2020-12-28,1465.56,
2020-12-29,1470.24,
2020-12-30,1473.6,
2020-12-31,1467.6,
2021-01-01,0,
2021-01-04,1470.48,
2021-01-05,1475.4,
2021-01-06,1474.8,
2021-01-07,1471.8,
2021-01-08,1470.24,
2021-01-11,1460.28,
2021-01-12,1460.16,
2021-01-13,1459.08,
2021-01-14,1458.72,
2021-01-15,1451.88,
2021-01-18,0,
2021-01-19,1455.12,
2021-01-20,0,
2021-01-21,1457.16,
2021-01-22,1461.48,
2021-01-25,1456.56,
2021-01-26,1457.64,
2021-01-27,1452.12,
2021-01-28,1454.64,
2021-01-29,1456.2,
2021-02-01,1448.4,
2021-02-02,1442.4,
2021-02-03,1443,
2021-02-04,1436.88,
2021-02-05,1444.2,
2021-02-08,1445.4,
2021-02-09,1452.72,
2021-02-10,1455.84,
2021-02-11,1455.24,
2021-02-12,1455.12,
2021-02-15,0,
2021-02-16,1452.84,
2021-02-17,1445.04,
2021-02-18,1449.36,
2021-02-19,1456.32,
2021-02-22,1458.6,
2021-02-23,1457.04,
2021-02-24,1457.16,
2021-02-25,1467.48,
2021-02-26,1451.16,
2021-03-01,1446.48,
2021-03-02,1449.48,
2021-03-03,1448.76,
2021-03-04,1445.4,
2021-03-05,1429.68,
2021-03-08,1421.88,
2021-03-09,1426.2,
2021-03-10,1428,
2021-03-11,1437.36,
2021-03-12,1434.24,
2021-03-15,1430.04,
2021-03-16,1427.4,
2021-03-17,1428.6,
2021-03-18,1431.12,
2021-03-19,1429.08,
2021-03-22,1431.84,
2021-03-23,1424.64,
2021-03-24,1419.72,
2021-03-25,1413.24,
2021-03-26,1415.76,
2021-03-29,1413.48,
2021-03-30,1406.88,
2021-03-31,1409.16,
2021-04-01,1412.64,
2021-04-02,1411.56,
2021-04-05,1417.2,
2021-04-06,1422.24,
2021-04-07,1426.8,
2021-04-08,1428.48,
2021-04-09,1427.64,
2021-04-12,1428.84,
2021-04-13,1432.68,
2021-04-14,1436.88,
2021-04-15,1435.68,
2021-04-16,1437.6,
2021-04-19,1443.36,
2021-04-20,1445.4,
2021-04-21,1443.96,
2021-04-22,1441.44,
2021-04-23,1448.28,
2021-04-26,1449.96,
2021-04-27,1449.48,
2021-04-28,1451.76,
2021-04-29,1453.2,
2021-04-30,1443.6,
2021-05-03,1447.08,
2021-05-04,1441.68,
2021-05-05,1440.36,
2021-05-06,1445.88,
2021-05-07,1459.8,
2021-05-10,1460.4,
2021-05-11,1460.28,
2021-05-12,1448.88,
2021-05-13,1448.4,
2021-05-14,1456.92,
2021-05-17,1458.6,
2021-05-18,1464.36,
2021-05-19,1465.92,
2021-05-20,1467,
2021-05-21,1461.36,
2021-05-24,1465.2,
2021-05-25,1467.96,
2021-05-26,1464.48,
2021-05-27,1463.28,
2021-05-28,1463.28,
2021-05-31,0,
2021-06-01,1468.92,
2021-06-02,1465.56,
2021-06-03,1454.64,
2021-06-04,1460.76,
2021-06-07,1464,
2021-06-08,1461.6,
2021-06-09,1462.08,
2021-06-10,1460.76,
2021-06-11,1452.12,
2021-06-14,1455.12,
2021-06-15,1454.4,
2021-06-16,1454.28,
2021-06-17,1429.32,
2021-06-18,1424.64,
2021-06-21,1429.08,
2021-06-22,1429.2,
2021-06-23,1434,
2021-06-24,1431.24,
2021-06-25,1432.8,
2021-06-28,1432.56,
2021-06-29,1428.6,
2021-06-30,1421.76,
2021-07-01,1422.84,
2021-07-02,1421.76,
2021-07-05,0,
2021-07-06,1417.92,
2021-07-07,1416.36,
2021-07-08,1420.8,
2021-07-09,1423.32,
2021-07-12,1422.96,
2021-07-13,1417.56,
2021-07-14,1419.12,
2021-07-15,1416.72,
2021-07-16,1417.2,
2021-07-19,1416.48,
2021-07-20,1413.12,
2021-07-21,1415.88,
2021-07-22,1412.52,
2021-07-23,1411.32,
2021-07-26,1417.2,
2021-07-27,1419.72,
2021-07-28,1417.08,
2021-07-29,1426.32,
2021-07-30,1423.68,
2021-08-02,1424.76,
2021-08-03,1423.08,
2021-08-04,1420.92,
2021-08-05,1420.56,
2021-08-06,1411.32,
2021-08-09,1409.88,
2021-08-10,1406.64,
2021-08-11,1408.44,
2021-08-12,1408.32,
2021-08-13,1415.52,
2021-08-16,1413.12,
2021-08-17,1405.68,
2021-08-18,1404.24,
2021-08-19,1403.16,
2021-08-20,1402.8,
2021-08-23,1407.84,
2021-08-24,1409.52,
2021-08-25,1410.96,
2021-08-26,1411.32,
2021-08-27,1415.28,
2021-08-30,1415.4,
2021-08-31,1416,
2021-09-01,1422,
2021-09-02,1422.96,
2021-09-03,1426.08,
2021-09-06,0,
2021-09-07,1421.88,
2021-09-08,1418.16,
2021-09-09,1419.24,
2021-09-10,1418.52,
2021-09-13,1417.08,
2021-09-14,1418.88,
2021-09-15,1417.32,
2021-09-16,1411.68,
2021-09-17,1408.08,
2021-09-20,1407.48,
2021-09-21,1406.88,
2021-09-22,1408.68,
2021-09-23,1408.2,
2021-09-24,1405.8,
2021-09-27,1404.24,
2021-09-28,1401.72,
2021-09-29,1393.44,
2021-09-30,1389.24,
2021-10-01,1391.76,
2021-10-04,1394.64,
2021-10-05,1393.08,
2021-10-06,1385.52,
2021-10-07,1387.32,
2021-10-08,1388.64,
2021-10-11,0,
2021-10-12,1384.92,
2021-10-13,1388.16,
2021-10-14,1390.92,
2021-10-15,1391.28,
2021-10-18,1393.08,
2021-10-19,1395.84,
2021-10-20,1397.16,
2021-10-21,1397.16,
2021-10-22,1395.84,
2021-10-25,1393.08,
2021-10-26,1390.8,
2021-10-27,1392,
2021-10-28,1402.2,
2021-10-29,1386.24,
2021-11-01,1390.92,
2021-11-02,1389.72,
2021-11-03,1390.08,
2021-11-04,1385.52,
2021-11-05,1386.48,
2021-11-08,1390.8,
2021-11-09,1390.68,
2021-11-10,1382.04,
2021-11-11,0,
2021-11-12,1373.16,
2021-11-15,1370.52,
2021-11-16,1359.96,
2021-11-17,1358.64,
2021-11-18,1362.96,
2021-11-19,1358.16,
2021-11-22,1351.2,
2021-11-23,1351.8,
2021-11-24,1343.52,
2021-11-25,0,
2021-11-26,1356.24,
2021-11-29,1351.32,
2021-11-30,1354.44,
2021-12-01,1358.76,
2021-12-02,1356.72,
2021-12-03,1356.96,
2021-12-06,1353.84,
2021-12-07,1349.64,
2021-12-08,1359.6,
2021-12-09,1354.2,
2021-12-10,1357.44,
2021-12-13,1355.76,
2021-12-14,1352.04,
2021-12-15,1351.32,
2021-12-16,1357.08,
2021-12-17,1353.24,
2021-12-20,1355.76,
2021-12-21,1352.64,
2021-12-22,1358.88,
2021-12-23,1358.4,
2021-12-24,0,
2021-12-27,1359.48,
2021-12-28,1357.68,
2021-12-29,1360.44,
2021-12-30,1358.16,
2021-12-31,0,
2022-01-03,1354.8,
2022-01-04,1355.52,
2022-01-05,1360.2,
2022-01-06,1356.84,
2022-01-07,1362.96,
2022-01-10,1359.36,
2022-01-11,1363.56,
2022-01-12,1371.72,
2022-01-13,1375.68,
2022-01-14,1369.68,
2022-01-17,0,
2022-01-18,1360.32,
2022-01-19,1361.52,
2022-01-20,1360.32,
2022-01-21,1361.52,
2022-01-24,1357.2,
2022-01-25,1353.96,
2022-01-26,1353.48,
2022-01-27,1336.92,
2022-01-28,1339.2,
2022-01-31,1345.44,
2022-02-01,1348.68,
2022-02-02,1355.88,
2022-02-03,1371,
2022-02-04,1374.6,
2022-02-07,1372.08,
2022-02-08,1369.92,
2022-02-09,1372.2,
2022-02-10,1378.44,
2022-02-11,1368.48,
2022-02-14,1356.72,
2022-02-15,1363.56,
2022-02-16,1365.72,
2022-02-17,1363.68,
2022-02-18,1359.24,
2022-02-21,0,
2022-02-22,1361.04,
2022-02-23,1357.92,
2022-02-24,1338.48,
2022-02-25,1351.32,
2022-02-28,1346.88,
2022-03-01,1332.36,
2022-03-02,1332.24,
2022-03-03,1326.36,
2022-03-04,1309.44,
2022-03-07,1303.2,
2022-03-08,1305.72,
2022-03-09,1328.28,
2022-03-10,1320.84,
2022-03-11,1312.44,
2022-03-14,1317.48,
2022-03-15,1316.88,
2022-03-16,1319.52,
2022-03-17,1333.2,
2022-03-18,1325.28,
2022-03-21,1325.76,
2022-03-22,1322.64,
2022-03-23,1320.12,
2022-03-24,1320.72,
2022-03-25,1318.2,
2022-03-28,1317.24,
2022-03-29,1332.48,
2022-03-30,1339.56,
2022-03-31,1331.16,
2022-04-01,1325.16,
2022-04-04,1319.04,
2022-04-05,1310.52,
2022-04-06,1309.56,
2022-04-07,1308,
2022-04-08,1304.88,
2022-04-11,1305,
2022-04-12,1302.24,
2022-04-13,1304.88,
2022-04-14,1295.52,
2022-04-15,1297.44,
2022-04-18,1294.2,
2022-04-19,1294.68,
2022-04-20,1302.84,
2022-04-21,1300.68,
2022-04-22,1294.8,
2022-04-25,1284.36,
2022-04-26,1279.32,
2022-04-27,1265.88,
2022-04-28,1260,
2022-04-29,1264.44,
2022-05-02,1262.52,
2022-05-03,1263.84,
2022-05-04,1264.68,
2022-05-05,1260.84,
2022-05-06,1268.64,
2022-05-09,1267.08,
2022-05-10,1263.72,
2022-05-11,1264.44,
2022-05-12,1245.12,
2022-05-13,1249.2,
2022-05-16,1250.4,
2022-05-17,1263.84,
2022-05-18,1259.28,
2022-05-19,1270.44,
2022-05-20,1267.08,
2022-05-23,1280.16,
2022-05-24,1289.28,
2022-05-25,1278.96,
2022-05-26,1287,
2022-05-27,1285.08,
2022-05-30,0,
2022-05-31,1287.72,
2022-06-01,1277.52,
2022-06-02,1287.96,
2022-06-03,1286.52,
2022-06-06,1283.88,
2022-06-07,1283.64,
2022-06-08,1288.8,
2022-06-09,1278.72,
2022-06-10,1262.52,
2022-06-13,1252.32,
2022-06-14,1249.92,
2022-06-15,1246.56,
2022-06-16,1263.72,
2022-06-17,1256.76,
2022-06-20,0,
2022-06-21,1265.76,
2022-06-22,1269.96,
2022-06-23,1260.36,
2022-06-24,1264.68,
2022-06-27,1272.12,
2022-06-28,1264.08,
2022-06-29,1257.24,
2022-06-30,1256.28,
2022-07-01,1249.08,
2022-07-04,0,
2022-07-05,1230.48,
2022-07-06,1220.76,
2022-07-07,1219.08,
2022-07-08,1221.36,
2022-07-11,1210.56,
2022-07-12,1208.28,
2022-07-13,1209.72,
2022-07-14,1203.36,
2022-07-15,1210.68,
2022-07-18,1219.2,
2022-07-19,1228.56,
2022-07-20,1226.04,
2022-07-21,1223.64,
2022-07-22,1227,
2022-07-25,1225.32,
2022-07-26,1213.92,
2022-07-27,1212.96,
2022-07-28,1219.56,
2022-07-29,1224.24,
2022-08-01,1232.4,
2022-08-02,1223.28,
2022-08-03,1217.52,
2022-08-04,1226.52,
2022-08-05,1220.4,
2022-08-08,1224.84,
2022-08-09,1227.12,
2022-08-10,1240.44,
2022-08-11,1240.56,
2022-08-12,1230.84,
2022-08-15,1222.32,
2022-08-16,1220.88,
2022-08-17,1219.68,
2022-08-18,1213.68,
2022-08-19,1204.68,
2022-08-22,1192.32,
2022-08-23,1197.12,
2022-08-24,1196.04,
2022-08-25,1195.08,
2022-08-26,1199.76,
2022-08-29,1200,
2022-08-30,1202.16,
2022-08-31,1207.8,
2022-09-01,1194,
2022-09-02,1203.6,
2022-09-05,0,
2022-09-06,1189.68,
2022-09-07,1193.04,
2022-09-08,1194.72,
2022-09-09,1205.52,
2022-09-12,1215.48,
2022-09-13,1199.64,
2022-09-14,1199.16,
2022-09-15,1198.92,
2022-09-16,1201.56,
2022-09-19,1200.36,
2022-09-20,1199.28,
2022-09-21,1185.6,
2022-09-22,1180.92,
2022-09-23,1166.28,
2022-09-26,1154.76,
2022-09-27,1153.92,
2022-09-28,1161.72,
2022-09-29,1172.88,
2022-09-30,1173.96,
2022-10-03,1177.08,
2022-10-04,1197.24,
2022-10-05,1183.92,
2022-10-06,1176.72,
2022-10-07,1174.2,
2022-10-10,0,
2022-10-11,1170.84,
2022-10-12,1163.04,
2022-10-13,1173.6,
2022-10-14,1168.68,
2022-10-17,1181.16,
2022-10-18,1181.04,
2022-10-19,1173.6,
2022-10-20,1178.76,
2022-10-21,1182.6,
2022-10-24,1184.88,
2022-10-25,1195.08,
2022-10-26,1208.16,
2022-10-27,1198.2,
2022-10-28,1192.08,
2022-10-31,1186.2,
2022-11-01,1184.52,
2022-11-02,1185,
2022-11-03,1171.08,
2022-11-04,1187.4,
2022-11-07,1199.64,
2022-11-08,1210.68,
2022-11-09,1204.44,
2022-11-10,1221.12,
2022-11-11,0,
2022-11-14,1240.44,
2022-11-15,1244.64,
2022-11-16,1247.4,
2022-11-17,1240.92,
2022-11-18,1241.88,
2022-11-21,1228.56,
2022-11-22,1233.12,
2022-11-23,1243.68,
2022-11-24,0,
2022-11-25,1248.24,
2022-11-28,1246.32,
2022-11-29,1242.72,
2022-11-30,1238.76,
2022-12-01,1259.76,
2022-12-02,1262.52,
2022-12-05,1259.28,
2022-12-06,1259.64,
2022-12-07,1260.6,
2022-12-08,1266.24,
2022-12-09,1266,
2022-12-12,1265.4,
2022-12-13,1275.6,
2022-12-14,1278.6,
2022-12-15,1276.56,
2022-12-16,1273.2,
2022-12-19,1274.88,
2022-12-20,1276.2,
2022-12-21,1271.88,
2022-12-22,1270.56,
2022-12-23,1274.52,
2022-12-26,0,
2022-12-27,1278.48,
2022-12-28,1274.64,
2022-12-29,1280.16,
2022-12-30,1283.76,
2023-01-02,0,
2023-01-03,1267.08,
2023-01-04,1274.4,
2023-01-05,1262.64,
2023-01-06,1274.28,
2023-01-09,1291.08,
2023-01-10,1288.44,
2023-01-11,1288.8,
2023-01-12,1298.76,
2023-01-13,1297.32,
2023-01-16,0,
2023-01-17,1295.16,
2023-01-18,1299.24,
2023-01-19,1297.2,
2023-01-20,1299.72,
2023-01-23,1303.8,
2023-01-24,1304.76,
2023-01-25,1308.12,
2023-01-26,1303.92,
2023-01-27,1302.84,
2023-01-30,1304.04,
2023-01-31,1302.96,
2023-02-01,1310.04,
2023-02-02,1310.16,
2023-02-03,1299,
2023-02-06,1286.64,
2023-02-07,1284.6,
2023-02-08,1288.08,
2023-02-09,1291.32,
2023-02-10,1280.4,
2023-02-13,1286.16,
2023-02-14,1286.64,
2023-02-15,1281.96,
2023-02-16,1282.08,
2023-02-17,1281.36,
2023-02-20,0,
2023-02-21,1278.84,
2023-02-22,1274.76,
2023-02-23,1269.96,
2023-02-24,1265.4,
2023-02-27,1271.52,
2023-02-28,1272.24,
2023-03-01,1280.88,
2023-03-02,1271.4,
2023-03-03,1273.92,
2023-03-06,1283.28,
2023-03-07,1268.76,
2023-03-08,1265.88,
2023-03-09,1269.24,
2023-03-10,1279.08,
2023-03-13,1287.96,
2023-03-14,1286.64,
2023-03-15,1264.2,
2023-03-16,1274.64,
2023-03-17,1277.64,
2023-03-20,1286.64,
2023-03-21,1292.28,
2023-03-22,1295.04,
2023-03-23,1306.8,
2023-03-24,1291.44,
2023-03-27,1294.68,
2023-03-28,1301.28,
2023-03-29,1299.12,
2023-03-30,1307.88,
2023-03-31,1304.64,
2023-04-03,1306.92,
2023-04-04,1314.12,
2023-04-05,1310.16,
2023-04-06,1311.24,
2023-04-07,1309.56,
2023-04-10,1300.8,
2023-04-11,1308.72,
2023-04-12,1318.44,
2023-04-13,1326.48,
2023-04-14,1317.6,
2023-04-17,1309.8,
2023-04-18,1314.96,
2023-04-19,1314.36,
2023-04-20,1316.4,
2023-04-21,1316.76,
2023-04-24,1323.24,
2023-04-25,1316.16,
2023-04-26,1326.24,
2023-04-27,1322.04,
2023-04-28,1324.8,
2023-05-01,1316.4,
2023-05-02,1319.64,
2023-05-03,1325.88,
2023-05-04,1321.08,
2023-05-05,1323.12,
2023-05-08,1322.4,
2023-05-09,1314.36,
2023-05-10,1315.92,
2023-05-11,1309.92,
2023-05-12,1302.72,
2023-05-15,1304.88,
2023-05-16,1303.92,
2023-05-17,1299.6,
2023-05-18,1293.12,
2023-05-19,1298.28,
2023-05-22,1296.72,
2023-05-23,1292.52,
2023-05-24,1290.96,
2023-05-25,1287,
2023-05-26,1285.56,
2023-05-29,0,
2023-05-30,1286.64,
2023-05-31,1278.48,
2023-06-01,1290.24,
2023-06-02,1286.88,
2023-06-05,1286.52,
2023-06-06,1283.4,
2023-06-07,1284.24,
2023-06-08,1293.6,
2023-06-09,1289.88,
2023-06-12,1289.64,
2023-06-13,1295.04,
2023-06-14,1303.08,
2023-06-15,1311.96,
2023-06-16,1311,
2023-06-19,0,
2023-06-20,1308,
2023-06-21,1314.12,
2023-06-22,1314.36,
2023-06-23,1306.44,
2023-06-26,1309.2,
2023-06-27,1315.32,
2023-06-28,1308.48,
2023-06-29,1305.72,
2023-06-30,1310.4,
2023-07-03,1310.28,
2023-07-04,0,
2023-07-05,1304.16,
2023-07-06,1304.76,
2023-07-07,1315.68,
2023-07-10,1318.92,
2023-07-11,1319.04,
2023-07-12,1334.76,
2023-07-13,1343.28,
2023-07-14,1348.44,
2023-07-17,1348.32,
2023-07-18,1346.76,
2023-07-19,1343.4,
2023-07-20,1336.2,
2023-07-21,1334.4,
2023-07-24,1329.96,
2023-07-25,1326,
2023-07-26,1329.36,
2023-07-27,1319.76,
2023-07-28,1324.68,
2023-07-31,1322.4,
2023-08-01,1316.52,
2023-08-02,1312.68,
2023-08-03,1313.64,
2023-08-04,1324.32,
2023-08-07,1320,
2023-08-08,1314.12,
2023-08-09,1317,
2023-08-10,1321.92,
2023-08-11,1314.84,
2023-08-14,1310.64,
2023-08-15,1311.36,
2023-08-16,1308.48,
2023-08-17,1304.88,
2023-08-18,1305,
2023-08-21,1306.56,
2023-08-22,1301.52,
2023-08-23,1303.44,
2023-08-24,1299.12,
2023-08-25,1294.44,
2023-08-28,1297.2,
2023-08-29,1302.12,
2023-08-30,1311.12,
2023-08-31,1300.68,
2023-09-01,1294.44,
2023-09-04,0,
2023-09-05,1287.24,
2023-09-06,1285.68,
2023-09-07,1284.48,
2023-09-08,1285.08,
2023-09-11,1289.28,
2023-09-12,1287.12,
2023-09-13,1288.44,
2023-09-14,1279.2,
2023-09-15,1280.76,
2023-09-18,1283.4,
2023-09-19,1282.08,
2023-09-20,1285.8,
2023-09-21,1279.68,
2023-09-22,1279.2,
2023-09-25,1270.92,
2023-09-26,1268.76,
2023-09-27,1261.2,
2023-09-28,1269.36,
2023-09-29,1270.08,
2023-10-02,1260,
2023-10-03,1254.36,
2023-10-04,1262.16,
2023-10-05,1263.24,
2023-10-06,1271.52,
2023-10-09,0,
2023-10-10,1274.16,
2023-10-11,1274.4,
2023-10-12,1266.36,
2023-10-13,1260.24,
2023-10-16,1265.52,
2023-10-17,1271.16,
2023-10-18,1263.84,
2023-10-19,1268.4,
2023-10-20,1271.04,
2023-10-23,1277.52,
2023-10-24,1271.4,
2023-10-25,1269.96,
2023-10-26,1263.84,
2023-10-27,1271.04,
2023-10-30,1274.4,
2023-10-31,1268.16,
2023-11-01,1264.56,
2023-11-02,1274.16,
2023-11-03,1287.96,
2023-11-06,1289.64,
2023-11-07,1282.44,
2023-11-08,1285.8,
2023-11-09,1285.2,
2023-11-10,0,
2023-11-13,1284,
2023-11-14,1303.32,
2023-11-15,1302.36,
2023-11-16,1302.12,
2023-11-17,1305.48,
2023-11-20,1313.4,
2023-11-21,1310.76,
2023-11-22,1304.52,
2023-11-23,0,
2023-11-24,1312.08,
2023-11-27,1312.44,
2023-11-28,1320.84,
2023-11-29,1316.28,
2023-11-30,1308.96,
2023-12-01,1305.36,
2023-12-04,1298.88,
2023-12-05,1294.44,
2023-12-06,1294.8,
2023-12-07,1295.28,
2023-12-08,1289.52,
2023-12-11,1289.64,
2023-12-12,1294.8,
2023-12-13,1295.16,
2023-12-14,1319.64,
2023-12-15,1308.72,
2023-12-18,1310.4,
2023-12-19,1317.24,
2023-12-20,1314.84,
2023-12-21,1318.8,
2023-12-22,1320.96,
2023-12-25,0,
2023-12-26,1324.2,
2023-12-27,1333.68,
2023-12-28,1328.76,
2023-12-29,1327.44,
2024-01-01,0,
2024-01-02,1314.84,
2024-01-03,1309.08,
2024-01-04,1314.84,
2024-01-05,1314.84,
2024-01-08,1317.12,
2024-01-09,1312.2,
2024-01-10,1315.2,
2024-01-11,1313.16,
2024-01-12,1315.08,
2024-01-15,0,
2024-01-16,1305.84,
2024-01-17,1302.96,
2024-01-18,1303.56,
2024-01-19,1306.44,
2024-01-22,1307.4,
2024-01-23,1299.48,
2024-01-24,1308.12,
2024-01-25,1300.44,
2024-01-26,1303.92,
2024-01-29,1296.84,
2024-01-30,1301.28,
2024-01-31,1302.6,
2024-02-01,1303.8,
2024-02-02,1294.44,
2024-02-05,1288.32,
2024-02-06,1290.12,
2024-02-07,1292.28,
2024-02-08,1292.88,
2024-02-09,1293.84,
2024-02-12,1292.88,
2024-02-13,1286.4,
2024-02-14,1288.2,
2024-02-15,1291.32,
2024-02-16,1292.28,
2024-02-19,0,
2024-02-20,1297.68,
2024-02-21,1298.16,
2024-02-22,1297.8,
2024-02-23,1299.36,
2024-02-26,1302.6,
2024-02-27,1302.84,
2024-02-28,1301.16,
2024-02-29,1296.84,
2024-03-01,1299.84,
2024-03-04,1303.44,
2024-03-05,1303.32,
2024-03-06,1309.56,
2024-03-07,1312.92,
2024-03-08,1312.92,
2024-03-11,1311.36,
2024-03-12,1310.16,
2024-03-13,1313.28,
2024-03-14,1306.56,
2024-03-15,1306.56,
2024-03-18,1306.32,
2024-03-19,1303.08,
2024-03-20,1302.72,
2024-03-21,1303.32,
2024-03-22,1298.04,
2024-03-25,1300.44,
2024-03-26,1299.48,
2024-03-27,1298.52,
2024-03-28,1296.12,
2024-03-29,1294.92,
2024-04-01,1287.96,
2024-04-02,1292.28,
2024-04-03,1299.24,
2024-04-04,1303.8,
2024-04-05,1300.92,
2024-04-08,1302.36,
2024-04-09,1302.72,
2024-04-10,1288.44,
2024-04-11,1286.64,
2024-04-12,1277.64,
2024-04-15,1277.28,
2024-04-16,1275.36,
2024-04-17,1277.28,
2024-04-18,1279.2,
2024-04-19,1278.6,
2024-04-22,1278.6,
2024-04-23,1283.4,
2024-04-24,1282.44,
2024-04-25,1286.52,
2024-04-26,1282.32,
2024-04-29,1286.04,
2024-04-30,1282.08,
2024-05-01,1281.6,
2024-05-02,1284.72,
2024-05-03,1292.4,
2024-05-06,1293.48,
2024-05-07,1292.04,
2024-05-08,1290.6,
2024-05-09,1292.52,
2024-05-10,1292.76,
2024-05-13,1295.52,
2024-05-14,1298.16,
2024-05-15,1303.2,
2024-05-16,1305,
2024-05-17,1304.28,
2024-05-20,1303.32,
2024-05-21,1302.6,
2024-05-22,1300.32,
2024-05-23,1299.24,
2024-05-24,1302.24,
2024-05-27,0,
2024-05-28,1305.48,
2024-05-29,1297.32,
2024-05-30,1300.44,
2024-05-31,1301.52,
2024-06-03,1306.8,
2024-06-04,1305.36,
2024-06-05,1303.8,
2024-06-06,1305.96,
2024-06-07,1296.84,
2024-06-10,1290.12,
2024-06-11,1287.96,
2024-06-12,1301.16,
2024-06-13,1290.72,
2024-06-14,1283.88,
2024-06-17,1286.76,
2024-06-18,1288.68,
2024-06-19,0,
2024-06-20,1284.96,
2024-06-21,1283.28,
2024-06-24,1287.24,
2024-06-25,1284.6,
2024-06-26,1281.84,
2024-06-27,1284.96,
2024-06-28,1285.32,
2024-07-01,1287.36,
2024-07-02,1288.44,
2024-07-03,1295.88,
2024-07-04,0,
2024-07-05,1299.36,
2024-07-08,1300.2,
2024-07-09,1297.56,
2024-07-10,1298.76,
2024-07-11,1304.4,
2024-07-12,1308.24,
2024-07-15,1309.44,
2024-07-16,1306.2,
2024-07-17,1311.96,
2024-07-18,1309.56,
2024-07-19,1306.56,
2024-07-22,1305.6,
2024-07-23,1302.6,
2024-07-24,1302.36,
2024-07-25,1303.32,
2024-07-26,1303.08,
2024-07-29,1298.28,
2024-07-30,1297.08,
2024-07-31,1298.76,
2024-08-01,1294.68,
2024-08-02,1309.68,
2024-08-05,1314.84,
2024-08-06,1311.12,
2024-08-07,1311,
2024-08-08,1309.68,
2024-08-09,1311,
2024-08-12,1311.36,
2024-08-13,1314.48,
2024-08-14,1322.88,
2024-08-15,1318.32,
2024-08-16,1319.52,
2024-08-19,1328.4,
2024-08-20,1332.72,
2024-08-21,1337.16,
2024-08-22,1333.68,
2024-08-23,1341.12,
2024-08-26,1339.68,
2024-08-27,1339.2,
2024-08-28,1335.24,
2024-08-29,1330.32,
2024-08-30,1327.2,
2024-09-02,0,
2024-09-03,1325.16,
2024-09-04,1329.72,
2024-09-05,1331.52,
2024-09-06,1330.32,
2024-09-09,1325.04,
2024-09-10,1323,
2024-09-11,1321.44,
2024-09-12,1324.92,
2024-09-13,1330.2,
2024-09-16,1334.76,
2024-09-17,1334.16,
2024-09-18,1333.92,
2024-09-19,1337.64,
2024-09-20,1339.08,
2024-09-23,1335.6,
2024-09-24,1338,
2024-09-25,1337.16,
2024-09-26,1342.08,
2024-09-27,1339.08,
2024-09-30,1337.4,
2024-10-01,1328.04,
2024-10-02,1326,
2024-10-03,1321.8,
2024-10-04,1315.32,
2024-10-07,1317.12,
2024-10-08,1316.4,
2024-10-09,1314.12,
2024-10-10,1311,
2024-10-11,1313.04,
2024-10-14,0,
2024-10-15,1307.88,
2024-10-16,1304.76,
2024-10-17,1300.44,
2024-10-18,1302.48,
2024-10-21,1298.4,
2024-10-22,1296.6,
2024-10-23,1293.48,
2024-10-24,1296.72,
2024-10-25,1297.56,
2024-10-28,1298.28,
2024-10-29,1295.76,
2024-10-30,1303.68,
2024-10-31,1302.6,
2024-11-01,1301.76,
2024-11-04,1306.08,
2024-11-05,1310.4,
2024-11-06,1287.84,
2024-11-07,1295.04,
2024-11-08,1285.2,
2024-11-11,0,
2024-11-12,1271.76,
2024-11-13,1268.04,
2024-11-14,1267.44,
2024-11-15,1266.24,
2024-11-18,1270.32,
2024-11-19,1269.36,
2024-11-20,1262.52,
2024-11-21,1257,
2024-11-22,1247.88,
2024-11-25,1257.36,
2024-11-26,1257.72,
2024-11-27,1269,
2024-11-28,0,
2024-11-29,1265.64,
2024-12-02,1258.08,
2024-12-03,1262.16,
2024-12-04,1263.24,
2024-12-05,1268.52,
2024-12-06,1267.56,
2024-12-09,1268.4,
2024-12-10,1261.44,
2024-12-11,1260.96,
2024-12-12,1261.68,
2024-12-13,1259.76,
2024-12-16,1261.44,
2024-12-17,1260.72,
2024-12-18,1256.28,
2024-12-19,1242.84,
2024-12-20,1251.6,
2024-12-23,1249.08,
2024-12-24,1246.56,
2024-12-25,0,
2024-12-26,1250.76,
2024-12-27,1250.76,
2024-12-30,1246.32,
2024-12-31,1242.12,
2025-01-01,0,
2025-01-02,1231.32,
2025-01-03,1235.04,
2025-01-06,1247.64,
2025-01-07,1244.28,
2025-01-08,1237.56,
2025-01-09,1235.76,
2025-01-10,1228.56,
2025-01-13,1225.08,
2025-01-14,1235.04,
2025-01-15,1233.84,
2025-01-16,1236.36,
2025-01-17,1234.44,
2025-01-20,0,
2025-01-21,1250.76,
2025-01-22,1250.4,
2025-01-23,1250.4,
2025-01-24,1261.8,
2025-01-27,1259.04,
2025-01-28,1251.24,
2025-01-29,1249.92,
2025-01-30,1250.4,
2025-01-31,1248,
2025-02-03,1233.24,
2025-02-04,1245.48,
2025-02-05,1250.28,
2025-02-06,1244.16,
2025-02-07,1239.48,
2025-02-10,1237.44,
2025-02-11,1241.52,
2025-02-12,1247.04,
2025-02-13,1251.36,
2025-02-14,1259.76,
2025-02-17,0,
2025-02-18,1254.84,
2025-02-19,1248.72,
2025-02-20,1257,
2025-02-21,1254.6,
2025-02-24,1257.36,
2025-02-25,1259.76,
2025-02-26,1261.68,
2025-02-27,1249.68,
2025-02-28,1248.24,
2025-03-03,1259.52,
2025-03-04,1264.08,
2025-03-05,1292.16,
2025-03-06,1298.16,
2025-03-07,1303.08,
2025-03-10,1300.44,
2025-03-11,1311.24,
2025-03-12,1311,
2025-03-13,1303.08,
2025-03-14,1304.64,
2025-03-17,1310.64,
2025-03-18,1311.24,
2025-03-19,1305.24,
2025-03-20,1301.76,
2025-03-21,1296.72,
2025-03-24,1295.28,
2025-03-25,1296.48,
2025-03-26,1293.72,
2025-03-27,1296,
2025-03-28,1299.12,
2025-03-31,1295.52,
2025-04-01,1296,
2025-04-02,1304.16,
2025-04-03,1326.24,
2025-04-04,1321.68,
2025-04-07,1309.44,
2025-04-08,1309.44,
2025-04-09,1324.8,
2025-04-10,1343.04,
2025-04-11,1359,
2025-04-14,1362.96,
2025-04-15,1354.8,
2025-04-16,1365.84,
2025-04-17,1363.68,
2025-04-18,1366.8,
2025-04-21,1380.96,
2025-04-22,1375.92,
2025-04-23,1362,
2025-04-24,1363.56,
2025-04-25,1365.72,
2025-04-28,1366.44,
2025-04-29,1367.52,
2025-04-30,1361.88,
2025-05-01,1353.48,
2025-05-02,1359.6,
2025-05-05,1357.8,
2025-05-06,1361.4,
2025-05-07,1361.76,
2025-05-08,1349.88,
2025-05-09,1352.4,
2025-05-12,1332.72,
2025-05-13,1341.12,
2025-05-14,1344.72,
2025-05-15,1342.68,
2025-05-16,1336.92,
2025-05-19,1348.32,
2025-05-20,1350.48,
2025-05-21,1361.16,
2025-05-22,1353.72,
2025-05-23,1362,
2025-05-26,0,
2025-05-27,1359.12,
2025-05-28,1354.32,
2025-05-29,1364.4,
2025-05-30,1361.64,
2025-06-02,1371.84,
2025-06-03,1364.76,
2025-06-04,1370.88,
2025-06-05,1372.8,
2025-06-06,1367.64,
2025-06-09,1371,
2025-06-10,1370.76,
2025-06-11,1378.8,
2025-06-12,1389.36,
2025-06-13,1386.84,
2025-06-16,1389.72,
2025-06-17,1384.2,
2025-06-18,1382.52,
2025-06-19,0,
2025-06-20,1382.4,
2025-06-23,1384.56,
2025-06-24,1392.96,
2025-06-25,1394.4,
2025-06-26,1406.04,
2025-06-27,1406.88,
2025-06-30,1412.4,
2025-07-01,1413.12,
2025-07-02,1414.8,
2025-07-03,1410.96,
2025-07-04,0,
2025-07-07,1407.96,
2025-07-08,1404.84,
2025-07-09,1404.84,
2025-07-10,1402.56,
2025-07-11,1403.52,
2025-07-14,1400.64,
2025-07-15,1394.28,
2025-07-16,1395.48,
2025-07-17,1391.64,
2025-07-18,1397.4,
2025-07-21,1404.6,
2025-07-22,1409.88,
2025-07-23,1409.76,
2025-07-24,1411.8,
2025-07-25,1407.6,
2025-07-28,1393.08,
2025-07-29,1384.08,
2025-07-30,1376.4,
2025-07-31,1371.72,
2025-08-01,1386.6,
2025-08-04,1388.16,
2025-08-05,1389.6,
2025-08-06,1397.64,
2025-08-07,1396.92,
2025-08-08,1399.2,
2025-08-11,1392.84,
2025-08-12,1400.76,
2025-08-13,1405.8,
2025-08-14,1397.28,
2025-08-15,1404.96,
2025-08-18,1400.04,
2025-08-19,1399.2,
2025-08-20,1397.88,
2025-08-21,1392.6,
2025-08-22,1405.56,
